-- phpMyAdmin SQL Dump
-- version 4.8.3
-- https://www.phpmyadmin.net/
--
-- Host: localhost
-- Generation Time: 24-Nov-2018 às 15:31
-- Versão do servidor: 10.1.36-MariaDB
-- versão do PHP: 7.2.11

SET SQL_MODE = "NO_AUTO_VALUE_ON_ZERO";
SET AUTOCOMMIT = 0;
START TRANSACTION;
SET time_zone = "+00:00";


/*!40101 SET @OLD_CHARACTER_SET_CLIENT=@@CHARACTER_SET_CLIENT */;
/*!40101 SET @OLD_CHARACTER_SET_RESULTS=@@CHARACTER_SET_RESULTS */;
/*!40101 SET @OLD_COLLATION_CONNECTION=@@COLLATION_CONNECTION */;
/*!40101 SET NAMES utf8mb4 */;


-- --------------------------------------------------------

--
-- Estrutura da tabela `deputies`
--

CREATE TABLE `deputies` (
  `id` int(11) NOT NULL,
  `nome` varchar(255) DEFAULT NULL,
  `nomeServidor` varchar(255) DEFAULT NULL,
  `partido` varchar(255) DEFAULT NULL,
  `endereco` varchar(255) DEFAULT NULL,
  `telefone` varchar(255) DEFAULT NULL,
  `fax` varchar(255) DEFAULT NULL,
  `email` varchar(255) DEFAULT NULL,
  `sitePessoal` varchar(255) DEFAULT NULL,
  `atividadeProfissional` varchar(255) DEFAULT NULL,
  `naturalidadeMunicipio` varchar(255) DEFAULT NULL,
  `naturalidadeUf` varchar(255) DEFAULT NULL,
  `dataNascimento` varchar(255) DEFAULT NULL
) ENGINE=InnoDB DEFAULT CHARSET=utf8;

--
-- Extraindo dados da tabela `deputies`
--

INSERT INTO `deputies` (`id`, `nome`, `nomeServidor`, `partido`, `endereco`, `telefone`, `fax`, `email`, `sitePessoal`, `atividadeProfissional`, `naturalidadeMunicipio`, `naturalidadeUf`, `dataNascimento`) VALUES
(1832, 'Sávio Souza Cruz', 'LUIZ SÁVIO DE SOUZA CRUZ', 'MDB', 'Rua Rodrigues Caldas, 30 Palácio da Inconfidência - Andar SE - conjunto 3', '(31) 2108-5244', '(31) 2108-5245', 'dep.savio.souza.cruz@almg.gov.br', 'https://www.saviosouzacruz.com.br/', 'Professor e engenheiro', 'Belo Horizonte', 'MG', '18/10/1957'),
(2267, 'Celise Laviola', 'CELISE BARREIROS LAVIOLA CABRAL DE LIRA', 'MDB', 'Rua Rodrigues Caldas, 30 Palácio da Inconfidência - 1º andar - conjunto 109', '(31) 2108-7136', '(31) 2108-7548', 'dep.celise.laviola@almg.gov.br', NULL, 'Advogada', 'Belo Horizonte', 'MG', '16/7/1961'),
(3667, 'Bonifácio Mourão', 'JOSÉ BONIFÁCIO MOURÃO', 'PSDB', 'Rua Rodrigues Caldas, 30 Palácio da Inconfidência - 1º andar - conjunto 101', '(31) 2108-5877', '(31) 2108-5875', 'dep.bonifacio.mourao@almg.gov.br', NULL, 'Advogado', 'Sabinópolis', 'MG', '14/05/1940'),
(5898, 'Dilzon Melo', 'DILZON LUIZ DE MELO', 'PTB', 'Rua Rodrigues Caldas, 30 Palácio da Inconfidência - 2º andar - conjunto 218', '(31) 2108-7398', '(31) 2108-7413', 'dep.dilzon.melo@almg.gov.br', NULL, 'Empresário rural', 'Capitólio', 'MG', '01/07/1944'),
(5905, 'Hely Tarqüínio', 'HELY TARQÜÍNIO', 'PV', 'Rua Rodrigues Caldas, 30 Palácio da Inconfidência - 2º andar - conjunto 231', '(31) 2108-5140', '(31) 2108-5135', 'dep.hely.tarquinio@almg.gov.br', NULL, 'Médico-cirurgião', 'Uberaba', 'MG', '10/04/1940'),
(7327, 'Antonio Carlos Arantes', 'ANTONIO CARLOS ARANTES', 'PSDB', 'Rua Rodrigues Caldas, 30 Palácio da Inconfidência - 2º andar - conjunto 234', '(31) 2108-5818', '(31) 2108-5815', 'dep.antonio.carlos.arantes@almg.gov.br', 'http://antoniocarlosarantes.com.br/', 'Produtor rural', 'Jacuí', 'MG', '06/08/1960'),
(7752, 'Alencar da Silveira Jr.', 'ALENCAR MAGALHÃES DA SILVEIRA JÚNIOR', 'PDT', 'Rua Rodrigues Caldas, 79 Edifício Tiradentes - 19º andar - sala 2', '(31) 2108-7119', '(31) 2108-7506', 'dep.alencar.silveira.junior@almg.gov.br', 'http://www.alencardasilveirajr.com.br', 'Jornalista e radialista', 'Sete Lagoas', 'MG', '12/01/1962'),
(7758, 'Carlos Pimenta', 'CARLOS WELTH PIMENTA DE FIGUEIREDO', 'PDT', 'Rua Rodrigues Caldas, 30 Palácio da Inconfidência - 2º andar - conjunto 242', '(31) 2108-7185', '(31) 2108-7519', 'dep.carlos.pimenta@almg.gov.br', NULL, 'Médico', 'Belo Horizonte', 'MG', '11/10/1954'),
(7762, 'Gil Pereira', 'GILBERTO WAGNER MARTINS PEREIRA ANTUNES', 'PP', 'Rua Rodrigues Caldas, 30 Palácio da Inconfidência - 1º andar - conjunto 107', '(031) 2108-5577', '(031) 2108-5578', 'dep.gil.pereira@almg.gov.br', 'http://www.deputadogilpereira.com.br/', 'Administrador de empresas', 'Montes Claros', 'MG', '13/06/1961'),
(7763, 'Ivair Nogueira', 'IVAIR NOGUEIRA DO PINHO', 'MDB', 'Rua Rodrigues Caldas, 30 Palácio da Inconfidência - 2º andar - conjunto 219', '(31) 2108-7420', '(31) 2108-7419', 'dep.ivair.nogueira@almg.gov.br', NULL, 'Engenheiro civil, advogado e empresário', 'Betim', 'MG', '06/11/1951'),
(7766, 'João Leite', 'JOÃO LEITE DA SILVA NETO', 'PSDB', 'Rua Rodrigues Caldas, 30 Palácio da Inconfidência - 2º andar - conjunto 233', '(31) 2108-7475', '(31) 2108-7543', 'dep.joao.leite@almg.gov.br', 'http://www.deputadojoaoleite.com.br/', 'Ex-atleta profissional de futebol e formado em História', 'Belo Horizonte', 'MG', '13/10/1955'),
(7769, 'Leonídio Bouças', 'LEONÍDIO HENRIQUE CORRÊA BOUÇAS', 'MDB', 'Rua Rodrigues Caldas, 30 Palácio da Inconfidência - 2º andar - conjunto 201', '(031) 2108-5915', '(031) 2108-5916', 'dep.leonidio.boucas@almg.gov.br', 'https://www.leonidioboucas.com.br/', 'Médico, professor e empresário', 'Pompéu', 'MG', '09/11/1961'),
(8095, 'Ione Pinheiro', 'IONE MARIA PINHEIRO', 'DEM', 'Rua Rodrigues Caldas, 30 Palácio da Inconfidência - 2º andar - conjunto 239', '(31) 2108-7195', '(31) 2108-7523', 'dep.ione.pinheiro@almg.gov.br', 'http://ionepinheiro.com.br/', 'Empresária', 'Belo Horizonte', 'MG', '18/04/1966'),
(9371, 'Cabo Júlio', 'JÚLIO CESAR GOMES DOS SANTOS', 'MDB', 'Rua Rodrigues Caldas, 30 Palácio da Inconfidência - 2º andar - conjunto 103', '(031) 2108-5835', '(031) 2108-5836', 'dep.cabo.julio@almg.gov.br', NULL, 'Advogado e militar reformado', 'Belo Horizonte', 'MG', '19/05/1970'),
(9652, 'Arlen Santiago', 'ARLEN DE PAULO SANTIAGO FILHO', 'PTB', 'Rua Rodrigues Caldas, 30 Palácio da Inconfidência - 2º andar - conjunto 222', '(31) 2108-5030', '(31) 2108-5033', 'dep.arlen.santiago@almg.gov.br', 'http://www.arlensantiago.com.br', 'Médico e advogado', 'Montes Claros', 'MG', '25/07/1954'),
(9655, 'Dalmo Ribeiro Silva', 'DALMO ROBERTO RIBEIRO SILVA', 'PSDB', 'Rua Rodrigues Caldas, 30 Palácio da Inconfidência - 2º andar - conjunto 247', '(31) 2108-5051', '(31) 2108-5055', 'dep.dalmo.ribeiro.silva@almg.gov.br', 'http://deputadodalmoribeiro.com.br/', 'Advogado e professor', 'Ouro Fino', 'MG', '31/01/1949'),
(9671, 'Rogério Correia', 'ROGÉRIO CORREIA DE MOURA BAPTISTA', 'PT', 'Rua Rodrigues Caldas, 30 Palácio da Inconfidência - 1º andar -conjunto 103', '(31) 2108-5415', '(31) 2108-5414', 'dep.rogerio.correia@almg.gov.br', 'http://www.rogeriocorreia.com.br/', 'Professor', 'Belo Horizonte', 'MG', '11/01/1958'),
(9673, 'Sargento Rodrigues', 'WASHINGTON FERNANDO RODRIGUES', 'PTB', 'Rua Rodrigues Caldas, 79 Edifício Tiradentes - 5º andar - sala  1', '(31) 2108-5200', '(31) 2108-5201', 'dep.sargento.rodrigues@almg.gov.br', 'http://www.sargentorodrigues.com.br/', 'Advogado e bacharel em Comunicação Social (habilitação em produção editorial) e pós-graduado em Estudos de Criminalidade e Segurança Pública pela UFMG', 'Medeiros Neto', 'BA', '30/05/1964'),
(9695, 'Tony Carlos', 'ANTÔNIO CARLOS SILVA NUNES', 'MDB', 'Rua Rodrigues Caldas, 30 Palácio da Inconfidência - sala 202', '(31) 2108-5400', '(31) 2108-5399', 'dep.tonycarlos@almg.gov.br', NULL, 'Jornalista e empresário', 'Uberaba', 'MG', '30/09/1964'),
(9886, 'Fred Costa', 'FREDERICO BORGES DA COSTA', 'PATRI', 'Rua Rodrigues Caldas, 79 Edifício Tiradentes - 16º andar', '(31) 2108-5325', '(31) 2108-5324', 'dep.fred.costa@almg.gov.br', 'http://www.fredcosta.com.br/index_2.php', 'Estudou Direito e cursa Gestão Pública, ambos no Uni-BH', 'Belo Horizonte', 'MG', '12/07/1977'),
(10002, 'Carlos Henrique', 'CARLOS HENRIQUE ALVES DA SILVA', 'PRB', 'Rua Rodrigues Caldas, 30 Palácio da Inconfidência - 2º andar - conjunto 212', '(31) 2108-5788', '(31) 2108-5787', 'dep.carlos.henrique@almg.gov.br', NULL, NULL, 'Rio de Janeiro', 'RJ', '20/07/1970'),
(10434, 'Leandro Genaro', 'LEANDRO ANDRADE GENARO OLIVEIRA', 'PSD', 'Rua Rodrigues Caldas, 30 Palácio da Incofidência - 2º andar - conjunto 227', '(31) 2108-7386', '(31) 2108-7514', 'dep.leandro.genaro@almg.gov.br', 'http://www.leandrogenaro.com.br/', 'Pastor', 'Contagem', 'MG', '3/7/1981'),
(11165, 'Arlete Magalhães', 'ARLETE GONÇALVES SANTOS MAGALHÃES', 'DC', 'Rua Rodrigues Caldas, 30 Palácio da Inconfidência - 2º andar - conjunto 208', '(31) 2108-5350', '(31) 2108-5351', 'dep.arlete.magalhaes@almg.gov.br', NULL, 'Professora', 'Belo Horizonte', 'MG', '20/02/1962'),
(11237, 'Tiago Ulisses', 'TIAGO ULISSES DE CASTRO E OLIVEIRA', 'PV', 'Rua Rodrigues Caldas, 30 Palácio da Inconfidência - Andar SE - conjunto 4', '(31) 2108-7225', '(31) 2108-7559', 'dep.tiago.ulisses@almg.gov.br', NULL, 'Advogado e empresário', 'Belo Horizonte', 'MG', '21/11/1973'),
(12193, 'Adalclever Lopes', 'ADALCLEVER RIBEIRO LOPES', 'MDB', 'Rua Rodrigues Caldas, 30 Palácio da Inconfidência - Térreo - conjunto 1', '(31) 2108-5040', '(31) 2108-5028', 'dep.adalclever.lopes@almg.gov.br', NULL, 'Empresário', 'Belo Horizonte', 'MG', '24/11/1966'),
(12195, 'André Quintão', 'ANDRÉ QUINTÃO SILVA', 'PT', 'Rua Rodrigues Caldas, 30 Palácio da Inconfidência - 1º andar - conjunto 108', '(31) 2108-5170', '(31) 2108-5169', 'dep.andre.quintao@almg.gov.br', 'http://www.andrequintao.com.br/', 'Assistente social e sociólogo', 'Belo Horizonte', 'MG', '05/08/1964'),
(12201, 'Gilberto Abramo', 'GILBERTO APARECIDO ABRAMO', 'PRB', 'Rua Rodrigues Caldas, 30 Palácio da Inconfidência - 1º andar - conjunto 102', '(31) 2108-5270', '(31) 2108-5272', 'dep.gilberto.abramo@almg.gov.br', NULL, NULL, 'Porto Ferreira', 'SP', '06/08/1966'),
(12202, 'Gustavo Valadares', 'GUSTAVO DA CUNHA PEREIRA VALADARES', 'PSDB', 'Rua Rodrigues Caldas, 30 Palácio da Inconfidência - 2º andar - conjunto 232', '(31) 2108-5330', '(31) 2108-5331', 'dep.gustavo.valadares@almg.gov.br', 'http://gustavovaladares.com.br', 'Bacharel em Direito e empresário', 'Belo Horizonte', 'MG', '30/08/1977'),
(12210, 'Luiz Humberto Carneiro', 'LUIZ HUMBERTO CARNEIRO', 'PSDB', 'Rua Rodrigues Caldas, 30 Palácio da Inconfidência - 1º andar - conjunto 110', '(31) 2108-5383', '(31) 2108-5380', 'dep.luiz.humberto@almg.gov.br', 'http://www.luizhumbertocarneiro.com.br/', 'Produtor rural', 'Uberlândia', 'MG', '24/03/1953'),
(12213, 'Marília Campos', 'MARÍLIA APARECIDA CAMPOS', 'PT', 'Rua Rodrigues Caldas, 30 Palácio da Inconfidência - 2º andar - conjunto 213', '(031) 2108-5445', '(031) 2108-5446', 'dep.marilia.campos@almg.gov.br', 'http://www.mariliacampos.com.br/', 'Psicóloga', 'Ouro Branco', 'MG', '14/09/1961'),
(12992, 'Iran Barbosa', 'IRAN ALMEIDA BARBOSA', 'MDB', 'Rua Rodrigues Caldas, 30 Palácio da Inconfidência - 2º andar - conjunto 244', '(31) 2108-5285', '(31) 2108-5286', 'dep.iran.barbosa@almg.gov.br', 'http://www.euacredito.com', 'Empresário', 'Belo Horizonte', 'MG', '3/1/1984'),
(13981, 'Gustavo Corrêa', 'GUSTAVO DE FARIA DIAS CORRÊA', 'DEM', 'Rua Rodrigues Caldas, 30 Palácio da Inconfidência - 2º andar - conjunto 228', '(31) 2108-5120', '(31) 2108-5115', 'dep.gustavo.correa@almg.gov.br', 'http://www.gustavocorrea.com.br/', 'Bacharel em Direito', 'São Paulo', 'SP', '21/08/1975'),
(15245, 'Agostinho Patrus Filho', 'AGOSTINHO CÉLIO ANDRADE PATRUS', 'PV', 'Rua Rodrigues Caldas, 30 Palácio da Inconfidência - Andar SE - conjunto  1', '(031) 2108-7288', '(031) 2108-7290', 'dep.agostinho.patrus.filho@almg.gov.br', NULL, 'Empresário', 'Belo Horizonte', 'MG', '01/07/1971'),
(15246, 'Braulio Braz', 'BRAULIO JOSÉ TANUS BRAZ', 'PTB', 'Rua Rodrigues Caldas, 30 Palácio da Inconfidência - 2º andar - conjunto 215', '(031) 2108-5240', '(031) 2108-5235', 'dep.braulio.braz@almg.gov.br', 'http://www.deputadobrauliobraz.com.br/', 'Administrador de empresas', 'Muriaé', 'MG', '21/09/1948'),
(15254, 'Lafayette de Andrada', 'LAFAYETTE LUIZ DOORGAL DE ANDRADA', 'PRB', 'Rua Rodrigues Caldas, 30 Palácio da Inconfidência - 1º andar - conjunto 105', '(31) 2108-5799', '(31) 2108-5797', 'dep.lafayette.andrada@almg.gov.br', 'http://lafayetteandrada.com.br/', 'Advogado, professor de Direito e de Ciência Política e técnico licenciado do Instituto Brasileiro do Meio Ambiente e dos Recursos Naturais Renováveis (Ibama)', 'Belo Horizonte', 'MG', '17/10/1966'),
(15257, 'Vanderlei Miranda', 'VANDERLEI ANDRADE MIRANDA', 'MDB', 'Rua Rodrigues Caldas, 30 Palácio da Inconfidência - 2º andar - conjunto 229', '(31) 2108-5440', '(31) 2108-5441', 'dep.vanderlei.miranda@almg.gov.br', NULL, 'Empresário, pastor e apresentador de TV', 'Inhapim', 'MG', '12/07/1952'),
(15258, 'Paulo Guedes', 'PAULO JOSÉ CARLOS GUEDES', 'PT', 'Rua Rodrigues Caldas, 79 Edifício Tiradentes - 17º andar - sala 2', '(31) 2108-5188', '(31) 2108-5189', 'dep.paulo.guedes@almg.gov.br', 'http://www.pauloguedes.com.br', 'Professor', 'São João das Missões', 'MG', '01/10/1970'),
(15260, 'Rosângela Reis', 'ROSANGELA DE OLIVEIRA CAMPOS REIS', 'PODE', 'Rua Rodrigues Caldas, 30 Palácio da Inconfidência - 2º andar - conjunto 226', '(31) 2108-5370', '(31) 2108-5366', 'dep.rosangela.reis@almg.gov.br', 'http://www.deputadarosangelareis.com.br/', 'Professora, orientadora e supervisora escolar', 'Mesquita', 'MG', '18/04/1963'),
(15265, 'Inácio Franco', 'INÁCIO FRANCO', 'PV', 'Rua Rodrigues Caldas, 30 Palácio da Inconfidência - 2º andar - conjunto 216', '(31) 2108-5110', '(31) 2108-5111', 'dep.inacio.franco@almg.gov.br', 'http://inaciofranco.com.br', 'Empresário e produtor rural', 'Itaberaí', 'GO', '09/04/1953'),
(16019, 'Léo Portela', 'LEONARDO MORREALE DINIZ PORTELA', 'PR', 'Rua Rodrigues Caldas, 30 Edifício Tiradentes - 16º andar - sala  2', '(31) 2108-5408', '(31) 2108-5411', 'dep.leo.portela@almg.gov.br', 'http://www.leoportela.com.br/', 'Advogado, mestre em Direito, professor de Direito Constitucional na Faculdade Batista de Minas Gerais', 'Belo Horizonte', 'MG', '10/10/1980'),
(17795, 'Cláudio do Mundo Novo', 'CLAUDIO MOTA CAMPOS', 'PROS', 'Rua Rodrigues Caldas, 79 Edifício Tiradentes -  21º andar', '(31) 2108-5955', '(31) 2108-5956', 'dep.claudio.do.mundo.novo@almg.gov.br', NULL, NULL, 'Colatina', 'ES', '10/09/1968'),
(17919, 'Duarte Bechir', 'NACIB DUARTE BECHIR', 'PSD', 'Rua Rodrigues Caldas , 30 Palácio da Inconfidência - 2º andar - conjunto 211', '(31) 2108-5125', '(31) 2108-5122', 'dep.duarte.bechir@almg.gov.br', 'http://www.duartebechir.com.br/', 'Servidor público federal do IBGE', 'Cristais', 'MG', '11/08/1957'),
(18845, 'Anselmo José Domingos', 'ANSELMO JOSÉ GOMES DOMINGOS', 'PTC', 'Rua Rodrigues Caldas, 30 Palácio da Inconfidência - 2º andar - conjunto 214', '(31) 2108-5436', '(31) 2108-7312', 'dep.anselmo@almg.gov.br', 'http://anselmojosedomingos.com.br/', 'Advogado', 'Campos Altos', 'MG', '16/12/1960'),
(18846, 'Antonio Lerin', 'ANTÔNIO DOS REIS GONÇALVES LERIN', 'PSB', 'Rua Rodrigues Caldas, 30 Palácio da Inconfidência - 2º andar - conjunto 241', '(31) 2108-5925', '(31) 2108-5926', 'dep.antonio.lerin@almg.gov.br', NULL, 'Comerciante', 'Uberaba', 'MG', '23/01/1968'),
(18848, 'Cássio Soares', 'CÁSSIO ANTONIO FERREIRA SOARES', 'PSD', 'Rua Rodrigues Caldas, 30 Palácio da Inconfidência - 2º andar - conjunto 240', '(31) 2108-5095', '(31) 2108-5098', 'dep.cassio.soares@almg.gov.br', 'http://www.cassiosoares.com.br/', 'Economista', 'Passos', 'MG', '07/06/1981'),
(18849, 'Celinho do Sinttrocel', 'JOSÉ CÉLIO DE ALVARENGA', 'PCdoB', 'Rua Rodrigues Caldas, 79 Edifício Tiradentes - 15º andar - sala 2', '(31) 2108-5905', '(31) 2108-5907', 'dep.celinho.do.sinttrocel@almg.gov.br', 'http://www.celinhosinttrocel.com.br/', 'Escriturário', 'Timóteo', 'MG', '19/07/1960'),
(18850, 'Doutor Wilson Batista', 'WILSON ROBERTO BATISTA', 'PSD', 'Rua Rodrigues Caldas, 30 Palácio da Inconfidência - 2º andar - conjunto 210', '(31) 2108-5320', '(31) 2108-5323', 'dep.doutor.wilson.batista@almg.gov.br', NULL, 'Médico-cirurgião', 'São João del-Rei', 'MG', '21/05/1969'),
(18852, 'Elismar Prado', 'ELISMAR FERNANDES PRADO', 'PROS', 'Rua Rodrigues Caldas, 79 Edifício Tiradentes - 3º andar - sala  1', '(31) 2108-5464', '(31) 2108-5466', 'dep.elismar.prado@almg.gov.br', NULL, 'Sociólogo e músico', 'Uberlândia', 'MG', '12/08/1972'),
(18853, 'Fabiano Tolentino', 'FABIANO GALLETTI TOLENTINO', 'PPS', 'Rua Rodrigues Caldas, 79 Edifício Tiradentes - 20º andar - sala 1', '(31) 2108-5390', '(31) 2108-5393', 'dep.fabiano.tolentino@almg.gov.br', 'http://www.fabianotolentino.com/', 'Bacharel em Direito', 'Belo Horizonte', 'MG', '25/02/1974'),
(18854, 'Fábio Cherem', 'LUIZ FÁBIO CHEREM', 'PDT', 'Rua Rodrigues Caldas, 30 Palácio da Inconfidência - 2º andar - conjunto 207', '(31) 2108-5275', '(31) 2108-5277', 'dep.fabio.cherem@almg.gov.br', 'http://www.fabiocherem.com.br/', 'Engenheiro civil', 'Lavras', 'MG', '19/10/1968'),
(18857, 'Bosco', 'JOÃO BOSCO', 'AVANTE', 'Rua Rodrigues Caldas, 30 Palácio da Inconfidência - 2º andar - conjunto 221', '(31) 2108-5310', '(31) 2108-5311', 'dep.bosco@almg.gov.br', NULL, 'Produtor agropecuário e bacharel em Direito', 'Araxá', 'MG', '31/05/1966'),
(18858, 'João Vítor Xavier', 'JOÃO VÍTOR XAVIER FAUSTINO', 'PSDB', 'Rua Rodrigues Caldas, 30 Palácio da Inconfidência - 2º andar - conjunto 246', '(31) 2108-5300', '(31) 2108-5299', 'dep.joao.vitor.xavier@almg.gov.br', 'http://joaovitorxavier.com.br/', 'Jornalista e radialista', 'Belo Horizonte', 'MG', '24/06/1982'),
(18860, 'Tadeu Martins Leite', 'LUIZ TADEU MARTINS LEITE', 'MDB', 'Rua Rodrigues Caldas, 30 Palácio da Inconfidência - 2º andar - conjunto 248', '(31) 2108-5899', '(31) 2108-5895', 'dep.tadeu.martins.leite@almg.gov.br', 'http://www.tadeumartinsleite.com.br', NULL, 'Montes Claros', 'MG', '02/09/1986'),
(18863, 'Neilando Pimenta', 'NEILANDO ALVES PIMENTA', 'PODE', 'Rua Rodrigues Caldas, 30 Palácio da Inconfidência - 2º andar - conjunto 237', '(31) 2108-5190', '(31) 2108-5191', 'dep.neilando.pimenta@almg.gov.br', NULL, 'Advogado', 'Teófilo Otôni', 'MG', '31/08/1967'),
(18867, 'Ulysses Gomes', 'ULYSSES GOMES DE OLIVEIRA NETO', 'PT', 'Rua Rodrigues Caldas, 30 Palácio da Inconfidência - 2º andar - conjunto 220', '(31) 2108-5855', '(31) 2108-5859', 'dep.ulysses.gomes@almg.gov.br', 'http://www.ulyssesgomes.com.br/', 'Gestor e administrador público', 'Itajubá', 'MG', '27/06/1977'),
(20231, 'Glaycon Franco', 'GLYCON MOREIRA FRANCO', 'PV', 'Rua Rodrigues Caldas, 30 Edifício Tiradentes - 19º andar - sala 1', '(31) 2108-5999', '(31) 2108-5997', 'dep.glaycon.franco@almg.gov.br', 'http://glayconfranco.com.br/', 'Médico', 'Conselheiro Lafaiete', 'MG', '16/4/1967'),
(21125, 'Mário Henrique Caixa', 'MÁRIO HENRIQUE DA SILVA', 'PV', 'Rua Rodrigues Caldas, 79 Edifício Tiradentes - 20º andar - sala 2', '(031) 2108-5559', '(031) 2108-5936', 'dep.mario.henrique.caixa@almg.gov.br', NULL, NULL, 'Três Pontas', 'MG', '04/12/1972'),
(22513, 'Dirceu Ribeiro', 'DIRCEU DOS SANTOS RIBEIRO', 'PODE', 'Rua Rodrigues Caldas, 30 Palácio da Inconfidência - 2º andar - conjunto 225', '(31) 2108-5805', '(31) 2108-5806', 'dep.dirceu.ribeiro@almg.gov.br', NULL, 'Oficial do Registro de Imóveis, Títulos e Documentos', 'Guidoval', 'MG', '23/01/1944'),
(22514, 'Arnaldo Silva', 'ARNALDO SILVA JÚNIOR', 'DEM', 'Rua Rodrigues Caldas, 30 Palácio da Inconfidência - 2º andar - conjunto 204', '(31) 2108-7380', '(31) 2108-7381', 'dep.arnaldo.silva@almg.gov.br', 'http://deputadoarnaldosilva.com.br/', 'Advogado', 'Frutal', 'MG', '8/3/1973'),
(22515, 'Thiago Cota', 'THIAGO FELLIPE MOTTA COTA', 'MDB', 'Rua Rodrigues Caldas, 30 Palácio da Inconfidência - 2º andar - conjunto 245', '(31) 2108-5385', '(31) 2108-5386', 'dep.thiago.cota@almg.gov.br', 'http://www.thiagocota.com.br/', 'Advogado', 'Mariana', 'MG', '9/3/1985'),
(22516, 'Fábio Avelar Oliveira', 'FÁBIO JOSÉ DE OLIVEIRA', 'AVANTE', 'Rua Rodrigues Caldas, 79 Edifício Tiradentes - 18º andar - sala 1', '(31) 2108-5016', '(31) 2108-5017', 'dep.fabio.avelar@almg.gov.br', 'http://www.fabioavelar.com/', 'Empresário', 'Nova Serrana', 'MG', '26/6/1972'),
(22521, 'Noraldino Júnior', 'NORALDINO LUCIO DIAS JÚNIOR', 'PSC', 'Rua Rodrigues Caldas, 79 Edifíco Tiradentes - 21º andar - sala 2', '(31) 2108-5965', '(31) 2108-5966', 'dep.noraldino.junior@almg.gov.br', 'http://www.noraldinojunior.com.br/', 'Administrador público', 'Juiz de Fora', 'MG', '20/11/1975'),
(22523, 'Cristiano Silveira', 'CRISTIANO TADEU DA SILVEIRA', 'PT', 'Rua Rodrigues Caldas, 79 Edifício Tiradentes - 17º andar - sala 1', '(31) 2108-5085', '(31) 2108-5086', 'dep.cristiano.silveira@almg.gov.br', 'http://cristianosilveira.net/', 'Graduado em Filosofia', 'São João del-Rei', 'MG', '26/5/1978'),
(22524, 'Nozinho', 'RAIMUNDO NONATO DE BARCELOS', 'PDT', 'Rua Rodrigues Caldas, 30 Palácio da Incofidência - 2º andar - conjunto 230', '(31) 2108-5945', '(31) 2108-5946', 'dep.nozinho@almg.gov.br', 'http://nozinhomerepresenta.com.br/', 'Empresário', 'São Gonçalo do Rio Abaixo', 'MG', '12/06/1953'),
(22531, 'Douglas Melo', 'JEFERSON DOUGLAS SOARES ESTANISLAU', 'MDB', 'Rua Rodrigues Caldas, 79 Edifício Tiradentes - 18º andar - sala 2', '(31) 2108-5290', '(31) 2108-5291', 'dep.douglas.melo@almg.gov.br', 'http://www.depdouglasmelo.com.br', 'Radialista', 'Sete Lagoas', 'MG', '10/1/1984'),
(22560, 'Emidinho Madeira', 'EMIDIO ALVES MADEIRA JÚNIOR', 'PSB', 'Rua Rodrigues Caldas, 30 Palácio da Inconfidência - 2º andar - conjunto 238', '(31) 2108-5484', '(31) 2108-5477', 'dep.emidinho.madeira@almg.gov.br', 'http://www.emidinhomadeira.com/', 'Produtor rural', 'Nova Resende', 'MG', '10/3/1967'),
(22561, 'João Magalhães', 'JOÃO LÚCIO MAGALHÃES BIFANO', 'MDB', 'Rua Rodrigues Caldas, 30 Palácio da Inconfidência - 2º andar - conjunto 243', '(31) 2108-5220', '(31) 2108-5222', 'dep.joao.magalhaes@almg.gov.br', NULL, 'Pecuarista e cafeicultor', 'Matipó', 'MG', '6/2/1960'),
(22577, 'Ricardo Faria', 'RICARDO ROCHA DE FARIA', 'PCdoB', 'Rua Rodrigues Caldas , 30 Palácio da Inconfidência - 2º andar - conjunto 205', '(31) 2108-5345', '(31) 2108-5346', 'dep.ricardo.faria@almg.gov.br', 'http://www.drricardofaria.com.br/', 'Fisioterapeuta', 'Contagem', 'MG', '26/08/1980'),
(22581, 'Doutor Jean Freire', 'JEAN MARK FREIRE SILVA', 'PT', 'Rua Rodrigues Caldas, 79 Edifício Tiradentes - 15º andar - sala 1', '(31) 2108-5150', '(31) 2108-5151', 'dep.doutor.jean.freire@almg.gov.br', 'http://www.drjeanfreire.com.br/', 'Médico', 'Pavão', 'MG', '11/07/1971'),
(22597, 'Isauro Calais', 'ISAURO JOSÉ DE CALAIS FILHO', 'MDB', 'Rua Rodrigues Caldas, 30 Palácio da Inconfidência - 2º andar - conjunto 206', '(31) 2108-5177', '(31) 2108-5176', 'dep.isauro.calais@almg.gov.br', 'http://www.isaurocalais.com.br/', 'Advogado', 'Miraí', 'MG', '07/05/1961'),
(22601, 'Felipe Attiê', 'FELIPE JOSÉ FONSECA ATTIE', 'PTB', 'Rua Rodrigues Caldas, 30 Palácio da Inconfidência - 2º andar - conjunto 236', '(31) 2108-5375', '(31) 2108-5376', 'dep.felipe.attie@almg.gov.br', 'http://www.felipeattie.com.br/site/', 'Economista e administrador', 'Uberlândia', 'MG', '28/03/1969'),
(22607, 'Roberto Andrade', 'ROBERTO DIAS DE ANDRADE', 'PSB', 'Rua Rodrigues Caldas, 30 Palácio da Inconfidência - 1º andar - conjunto 106', '(31) 2108-5065', '(31) 2108-5064', 'dep.roberto.andrade@almg.gov.br', 'http://www.robertoandrade.net.br/', 'Oficial do Registro de Imóveis de Viçosa', 'Viçosa', 'MG', '27/03/1958'),
(22616, 'Tito Torres', 'TITO BRUNO MIRANDA TORRES DUARTE', 'PSDB', 'Rua Rodrigues Caldas, 30 Palácio da Inconfidência - 2º andar - conjunto 217', '(31) 2108-5979', '(31) 2108-5976', 'dep.tito.torres@almg.gov.br', 'http://www.titotorres.com.br/', 'Empresário e pecuarista', 'João Monlevade', 'MG', '02/12/1983'),
(22617, 'Antônio Jorge', 'ANTÔNIO JORGE DE SOUZA MARQUES', 'PPS', 'Rua Rodrigues Caldas, 79 Edifício Tiradentes - 22º andar - sala 1', '(31) 2108-5485', '(31) 2108-5490', 'dep.antonio.jorge@almg.gov.br', 'http://www.antoniojorgemarques.com.br/', 'Médico', 'São Paulo', 'SP', '15/12/1960'),
(22848, 'Geisa Teixeira', 'GEISA GOMES PEREIRA TEIXEIRA', 'PT', 'Rua Rodrigues Caldas, 30 Palácio da Inconfidência - 2º andar - conjunto 209', '(31) 2108-5985', '(31) 2108-5986', 'dep.geisa.teixeira@almg.gov.br', NULL, 'Assistente Social', 'Varginha', 'MG', '07/06/1959'),
(24621, 'Gustavo Santana', 'GUSTAVO DE VASCONCELLOS MOREIRA', 'PR', 'Rua Rodrigues Caldas, 79 Edifício Tiradentes - 3º andar - sala 2', '(31) 2108-5775', NULL, 'dep.gustavo.santana@almg.gov.br', NULL, 'Empresário', 'Belo Horizonte', 'MG', '04/01/1979'),
(24622, 'Coronel Piccinini', 'EDVALDO PICCININI TEIXEIRA', 'PSB', 'Rua Rodrigues Caldas, 79 Edifício Tiradentes - 22º andar - sala  2', '(31) 2108-5050', '(31) 2108-5045', 'dep.coronel.piccinini@almg.gov.br', 'http://www.celpiccinini.com.br/', NULL, 'Juiz de Fora', 'MG', NULL);

-- --------------------------------------------------------

--
-- Estrutura da tabela `funds`
--

CREATE TABLE `funds` (
  `id_funds` int(10) UNSIGNED NOT NULL,
  `idDeputado` int(11) DEFAULT NULL,
  `dataReferencia` date DEFAULT NULL,
  `amount` int(11) DEFAULT NULL
) ENGINE=InnoDB DEFAULT CHARSET=utf8;

--
-- Extraindo dados da tabela `funds`
--

INSERT INTO `funds` (`id_funds`, `idDeputado`, `dataReferencia`, `amount`) VALUES
(1, 16019, '2017-01-01', 1),
(2, 16019, '2017-01-01', 1),
(3, 7752, '2017-01-01', 1),
(4, 16019, '2017-01-01', 1),
(5, 7752, '2017-01-01', 2),
(6, 7752, '2017-01-01', 1),
(7, 11165, '2017-01-01', 1),
(8, 22617, '2017-01-01', 5),
(9, 11165, '2017-01-01', 2),
(10, 22617, '2017-01-01', 1),
(11, 22617, '2017-01-01', 3),
(12, 22617, '2017-01-01', 1),
(13, 22617, '2017-01-01', 1),
(14, 15258, '2017-01-01', 1),
(15, 15258, '2017-01-01', 3),
(16, 15258, '2017-01-01', 1),
(17, 22617, '2017-01-01', 2),
(18, 12210, '2017-01-01', 1),
(19, 12210, '2017-01-01', 4),
(20, 16019, '2017-02-01', 1),
(21, 16019, '2017-02-01', 1),
(22, 12210, '2017-01-01', 1),
(23, 16019, '2017-02-01', 1),
(24, 12210, '2017-01-01', 5),
(25, 12210, '2017-01-01', 1),
(26, 12210, '2017-01-01', 1),
(27, 7758, '2017-01-01', 1),
(28, 7758, '2017-01-01', 6),
(29, 15246, '2017-01-01', 1),
(30, 16019, '2017-02-01', 1),
(31, 11165, '2017-02-01', 1),
(32, 7758, '2017-01-01', 1),
(33, 7752, '2017-02-01', 1),
(34, 7752, '2017-02-01', 1),
(35, 7758, '2017-01-01', 5),
(36, 15246, '2017-01-01', 16),
(37, 18857, '2017-01-01', 1),
(38, 7758, '2017-01-01', 1),
(39, 11165, '2017-02-01', 1),
(40, 11165, '2017-02-01', 1),
(41, 18857, '2017-01-01', 5),
(42, 7752, '2017-02-01', 2),
(43, 22617, '2017-02-01', 2),
(44, 22617, '2017-02-01', 6),
(45, 15246, '2017-01-01', 1),
(46, 7752, '2017-03-01', 1),
(47, 18857, '2017-01-01', 4),
(48, 7752, '2017-03-01', 1),
(49, 22617, '2017-02-01', 5),
(50, 15246, '2017-01-01', 2),
(51, 15258, '2017-02-01', 1),
(52, 22617, '2017-02-01', 5),
(53, 18857, '2017-01-01', 25),
(54, 12210, '2017-02-01', 1),
(55, 18857, '2017-01-01', 2),
(56, 16019, '2017-03-01', 1),
(57, 11165, '2017-03-01', 1),
(58, 12210, '2017-02-01', 5),
(59, 12210, '2017-02-01', 1),
(60, 7752, '2017-03-01', 2),
(61, 22617, '2017-02-01', 2),
(62, 15258, '2017-02-01', 3),
(63, 11165, '2017-03-01', 1),
(64, 12210, '2017-02-01', 1),
(65, 7758, '2017-02-01', 14),
(66, 22617, '2017-02-01', 1),
(67, 22617, '2017-02-01', 2),
(68, 7763, '2017-01-01', 1),
(69, 16019, '2017-03-01', 3),
(70, 18857, '2017-02-01', 12),
(71, 7763, '2017-01-01', 1),
(72, 15258, '2017-02-01', 1),
(73, 11165, '2017-03-01', 1),
(74, 7758, '2017-02-01', 1),
(75, 12210, '2017-02-01', 1),
(76, 24621, '2017-01-01', 6),
(77, 11165, '2017-03-01', 1),
(78, 7758, '2017-02-01', 1),
(79, 22597, '2017-01-01', 2),
(80, 12210, '2017-02-01', 5),
(81, 7758, '2017-02-01', 5),
(82, 22597, '2017-01-01', 15),
(83, 12992, '2017-01-01', 1),
(84, 15258, '2017-02-01', 1),
(85, 22597, '2017-01-01', 1),
(86, 16019, '2017-03-01', 3),
(87, 12992, '2017-01-01', 1),
(88, 22597, '2017-01-01', 9),
(89, 22597, '2017-01-01', 2),
(90, 7758, '2017-03-01', 18),
(91, 18857, '2017-02-01', 35),
(92, 22597, '2017-01-01', 1),
(93, 7758, '2017-03-01', 1),
(94, 11165, '2017-03-01', 2),
(95, 7758, '2017-03-01', 5),
(96, 8095, '2017-01-01', 1),
(97, 18857, '2017-02-01', 4),
(98, 7758, '2017-03-01', 1),
(99, 9671, '2017-01-01', 2),
(100, 7763, '2017-01-01', 1),
(101, 18857, '2017-02-01', 1),
(102, 22531, '2017-01-01', 4),
(103, 18850, '2017-01-01', 1),
(104, 12992, '2017-01-01', 2),
(105, 9671, '2017-01-01', 20),
(106, 24621, '2017-01-01', 3),
(107, 18857, '2017-02-01', 1),
(108, 18857, '2017-02-01', 5),
(109, 7758, '2017-03-01', 1),
(110, 12992, '2017-01-01', 1),
(111, 24621, '2017-01-01', 1),
(112, 8095, '2017-01-01', 1),
(113, 8095, '2017-01-01', 20),
(114, 22521, '2017-01-01', 2),
(115, 18857, '2017-02-01', 2),
(116, 18857, '2017-02-01', 2),
(117, 22513, '2017-01-01', 1),
(118, 22581, '2017-01-01', 5),
(119, 12992, '2017-01-01', 1),
(120, 24621, '2017-01-01', 1),
(121, 22521, '2017-01-01', 1),
(122, 22531, '2017-01-01', 1),
(123, 22581, '2017-01-01', 9),
(124, 22597, '2017-01-01', 1),
(125, 22513, '2017-01-01', 1),
(126, 5898, '2017-01-01', 8),
(127, 7758, '2017-03-01', 1),
(128, 9673, '2017-01-01', 8),
(129, 22513, '2017-01-01', 3),
(130, 24621, '2017-02-01', 1),
(131, 9673, '2017-01-01', 2),
(132, 7766, '2017-01-01', 4),
(133, 22581, '2017-01-01', 2),
(134, 12992, '2017-01-01', 2),
(135, 22607, '2017-01-01', 1),
(136, 12992, '2017-01-01', 1),
(137, 22597, '2017-02-01', 7),
(138, 22513, '2017-02-01', 15),
(139, 7763, '2017-03-01', 1),
(140, 9673, '2017-01-01', 1),
(141, 22513, '2017-01-01', 6),
(142, 18850, '2017-01-01', 1),
(143, 5905, '2017-01-01', 2),
(144, 22521, '2017-01-01', 2),
(145, 22513, '2017-02-01', 3),
(146, 7766, '2017-01-01', 1),
(147, 15265, '2017-01-01', 1),
(148, 7763, '2017-02-01', 1),
(149, 9671, '2017-01-01', 1),
(150, 22513, '2017-02-01', 1),
(151, 7766, '2017-01-01', 4),
(152, 22597, '2017-02-01', 2),
(153, 22521, '2017-01-01', 1),
(154, 8095, '2017-02-01', 1),
(155, 15265, '2017-01-01', 8),
(156, 5898, '2017-01-01', 1),
(157, 22531, '2017-01-01', 11),
(158, 18850, '2017-01-01', 19),
(159, 22531, '2017-01-01', 2),
(160, 7766, '2017-01-01', 2),
(161, 9671, '2017-02-01', 4),
(162, 17919, '2017-01-01', 7),
(163, 22597, '2017-02-01', 1),
(164, 7763, '2017-03-01', 1),
(165, 22521, '2017-01-01', 13),
(166, 18850, '2017-01-01', 4),
(167, 17919, '2017-01-01', 1),
(168, 18857, '2017-03-01', 1),
(169, 22531, '2017-01-01', 1),
(170, 22581, '2017-02-01', 8),
(171, 22607, '2017-01-01', 1),
(172, 7763, '2017-02-01', 1),
(173, 17919, '2017-01-01', 2),
(174, 5905, '2017-01-01', 1),
(175, 7766, '2017-01-01', 1),
(176, 9673, '2017-01-01', 1),
(177, 7766, '2017-01-01', 6),
(178, 9671, '2017-02-01', 1),
(179, 22521, '2017-01-01', 22),
(180, 7758, '2017-04-01', 4),
(181, 7766, '2017-01-01', 2),
(182, 7763, '2017-02-01', 1),
(183, 22607, '2017-01-01', 1),
(184, 18857, '2017-03-01', 13),
(185, 22607, '2017-01-01', 2),
(186, 22597, '2017-02-01', 1),
(187, 22531, '2017-02-01', 6),
(188, 9673, '2017-01-01', 2),
(189, 8095, '2017-02-01', 21),
(190, 22597, '2017-02-01', 18),
(191, 22581, '2017-02-01', 2),
(192, 18857, '2017-03-01', 2),
(193, 24621, '2017-02-01', 2),
(194, 5905, '2017-01-01', 33),
(195, 22607, '2017-02-01', 1),
(196, 9671, '2017-02-01', 1),
(197, 24621, '2017-02-01', 1),
(198, 22597, '2017-02-01', 3),
(199, 7758, '2017-04-01', 2),
(200, 7763, '2017-03-01', 3),
(201, 12992, '2017-02-01', 1),
(202, 22607, '2017-01-01', 5),
(203, 22597, '2017-03-01', 2),
(204, 9673, '2017-01-01', 1),
(205, 22531, '2017-02-01', 10),
(206, 7758, '2017-04-01', 1),
(207, 24621, '2017-02-01', 8),
(208, 5898, '2017-01-01', 2),
(209, 7758, '2017-04-01', 1),
(210, 24621, '2017-02-01', 1),
(211, 22531, '2017-02-01', 2),
(212, 18857, '2017-03-01', 44),
(213, 22607, '2017-02-01', 4),
(214, 7758, '2017-04-01', 31),
(215, 12992, '2017-02-01', 2),
(216, 9673, '2017-02-01', 2),
(217, 22581, '2017-02-01', 1),
(218, 18857, '2017-03-01', 5),
(219, 18857, '2017-03-01', 1),
(220, 22597, '2017-02-01', 2),
(221, 22607, '2017-01-01', 12),
(222, 8095, '2017-02-01', 1),
(223, 22513, '2017-03-01', 21),
(224, 18850, '2017-02-01', 7),
(225, 17919, '2017-02-01', 4),
(226, 5905, '2017-01-01', 3),
(227, 22581, '2017-02-01', 2),
(228, 5905, '2017-01-01', 4),
(229, 15265, '2017-01-01', 30),
(230, 22607, '2017-02-01', 1),
(231, 22597, '2017-03-01', 1),
(232, 9673, '2017-02-01', 1),
(233, 5905, '2017-02-01', 31),
(234, 12992, '2017-02-01', 1),
(235, 22521, '2017-02-01', 15),
(236, 24621, '2017-03-01', 12),
(237, 24621, '2017-03-01', 1),
(238, 22521, '2017-02-01', 7),
(239, 18850, '2017-02-01', 1),
(240, 22513, '2017-03-01', 1),
(241, 7766, '2017-02-01', 1),
(242, 22607, '2017-02-01', 22),
(243, 22531, '2017-02-01', 3),
(244, 18850, '2017-03-01', 9),
(245, 22531, '2017-02-01', 1),
(246, 18857, '2017-03-01', 1),
(247, 7766, '2017-02-01', 1),
(248, 9671, '2017-02-01', 2),
(249, 15265, '2017-01-01', 3),
(250, 15265, '2017-01-01', 1),
(251, 22513, '2017-02-01', 2),
(252, 12992, '2017-02-01', 1),
(253, 9671, '2017-02-01', 22),
(254, 22581, '2017-03-01', 1),
(255, 18850, '2017-03-01', 25),
(256, 22607, '2017-02-01', 2),
(257, 7766, '2017-02-01', 1),
(258, 7766, '2017-02-01', 7),
(259, 22597, '2017-03-01', 1),
(260, 22607, '2017-03-01', 1),
(261, 22581, '2017-02-01', 18),
(262, 12992, '2017-02-01', 1),
(263, 22597, '2017-03-01', 18),
(264, 22521, '2017-02-01', 2),
(265, 9671, '2017-03-01', 2),
(266, 9671, '2017-02-01', 1),
(267, 17919, '2017-03-01', 25),
(268, 15265, '2017-01-01', 1),
(269, 7766, '2017-02-01', 2),
(270, 22597, '2017-04-01', 11),
(271, 22597, '2017-04-01', 3),
(272, 18857, '2017-03-01', 2),
(273, 17919, '2017-02-01', 1),
(274, 24621, '2017-03-01', 1),
(275, 12992, '2017-02-01', 19),
(276, 7766, '2017-02-01', 1),
(277, 12992, '2017-02-01', 18),
(278, 7763, '2017-04-01', 2),
(279, 17919, '2017-03-01', 2),
(280, 17919, '2017-02-01', 2),
(281, 22531, '2017-02-01', 2),
(282, 5898, '2017-02-01', 1),
(283, 22531, '2017-02-01', 1),
(284, 22597, '2017-03-01', 1),
(285, 7758, '2017-05-01', 1),
(286, 9673, '2017-02-01', 2),
(287, 22597, '2017-04-01', 1),
(288, 22597, '2017-04-01', 17),
(289, 5898, '2017-03-01', 2),
(290, 7763, '2017-04-01', 1),
(291, 22513, '2017-03-01', 3),
(292, 8095, '2017-03-01', 1),
(293, 7758, '2017-04-01', 2),
(294, 22607, '2017-03-01', 19),
(295, 22531, '2017-03-01', 2),
(296, 22597, '2017-03-01', 3),
(297, 18850, '2017-03-01', 1),
(298, 18850, '2017-02-01', 1),
(299, 9673, '2017-03-01', 3),
(300, 22597, '2017-04-01', 1),
(301, 17919, '2017-02-01', 1),
(302, 5905, '2017-02-01', 11),
(303, 24621, '2017-05-01', 2),
(304, 17919, '2017-03-01', 1),
(305, 9673, '2017-02-01', 1),
(306, 18857, '2017-04-01', 1),
(307, 17919, '2017-02-01', 25),
(308, 7763, '2017-04-01', 1),
(309, 8095, '2017-03-01', 37),
(310, 22513, '2017-03-01', 2),
(311, 24621, '2017-03-01', 8),
(312, 8095, '2017-03-01', 1),
(313, 24621, '2017-04-01', 3),
(314, 18850, '2017-02-01', 25),
(315, 7766, '2017-03-01', 4),
(316, 5898, '2017-02-01', 10),
(317, 24621, '2017-05-01', 1),
(318, 12992, '2017-03-01', 17),
(319, 7763, '2017-04-01', 3),
(320, 7766, '2017-02-01', 1),
(321, 22597, '2017-04-01', 1),
(322, 5905, '2017-02-01', 2),
(323, 5905, '2017-02-01', 1),
(324, 5898, '2017-02-01', 2),
(325, 9673, '2017-02-01', 3),
(326, 22531, '2017-04-01', 1),
(327, 24621, '2017-04-01', 1),
(328, 7766, '2017-04-01', 1),
(329, 22597, '2017-03-01', 14),
(330, 24621, '2017-04-01', 4),
(331, 22581, '2017-03-01', 3),
(332, 22521, '2017-02-01', 1),
(333, 5905, '2017-02-01', 3),
(334, 7758, '2017-06-01', 2),
(335, 22581, '2017-04-01', 1),
(336, 9673, '2017-03-01', 21),
(337, 22531, '2017-03-01', 3),
(338, 22607, '2017-04-01', 1),
(339, 7758, '2017-06-01', 1),
(340, 8095, '2017-03-01', 1),
(341, 7766, '2017-03-01', 2),
(342, 22531, '2017-03-01', 7),
(343, 9673, '2017-02-01', 16),
(344, 7758, '2017-05-01', 1),
(345, 9673, '2017-03-01', 2),
(346, 22513, '2017-04-01', 1),
(347, 18857, '2017-04-01', 4),
(348, 17919, '2017-04-01', 1),
(349, 9673, '2017-03-01', 4),
(350, 5905, '2017-02-01', 8),
(351, 22597, '2017-04-01', 3),
(352, 7766, '2017-03-01', 7),
(353, 22513, '2017-05-01', 10),
(354, 22577, '2017-01-01', 1),
(355, 22513, '2017-04-01', 21),
(356, 8095, '2017-04-01', 1),
(357, 22607, '2017-05-01', 4),
(358, 5898, '2017-04-01', 1),
(359, 7758, '2017-05-01', 1),
(360, 9671, '2017-04-01', 1),
(361, 18850, '2017-03-01', 1),
(362, 22531, '2017-03-01', 1),
(363, 22581, '2017-03-01', 9),
(364, 22513, '2017-03-01', 7),
(365, 22581, '2017-03-01', 27),
(366, 7758, '2017-06-01', 1),
(367, 7758, '2017-05-01', 3),
(368, 9671, '2017-03-01', 4),
(369, 22581, '2017-03-01', 1),
(370, 17919, '2017-04-01', 1),
(371, 22531, '2017-04-01', 4),
(372, 5898, '2017-03-01', 1),
(373, 22597, '2017-05-01', 1),
(374, 7766, '2017-04-01', 6),
(375, 13981, '2017-02-01', 1),
(376, 24621, '2017-03-01', 2),
(377, 22531, '2017-03-01', 5),
(378, 9671, '2017-04-01', 2),
(379, 13981, '2017-02-01', 1),
(380, 12992, '2017-03-01', 1),
(381, 22513, '2017-04-01', 4),
(382, 18857, '2017-04-01', 12),
(383, 22531, '2017-03-01', 1),
(384, 22607, '2017-03-01', 1),
(385, 22581, '2017-03-01', 1),
(386, 22577, '2017-01-01', 1),
(387, 22597, '2017-05-01', 1),
(388, 22607, '2017-04-01', 5),
(389, 18857, '2017-04-01', 1),
(390, 22597, '2017-05-01', 2),
(391, 22531, '2017-03-01', 2),
(392, 9671, '2017-03-01', 31),
(393, 22577, '2017-01-01', 1),
(394, 13981, '2017-03-01', 2),
(395, 18850, '2017-04-01', 28),
(396, 7766, '2017-05-01', 1),
(397, 22581, '2017-04-01', 9),
(398, 7758, '2017-05-01', 29),
(399, 22607, '2017-03-01', 1),
(400, 24621, '2017-04-01', 1),
(401, 17919, '2017-05-01', 4),
(402, 22607, '2017-03-01', 5),
(403, 24621, '2017-05-01', 1),
(404, 7758, '2017-06-01', 1),
(405, 22513, '2017-05-01', 1),
(406, 22581, '2017-05-01', 2),
(407, 24621, '2017-04-01', 7),
(408, 7766, '2017-03-01', 3),
(409, 9671, '2017-03-01', 1),
(410, 18850, '2017-03-01', 1),
(411, 17919, '2017-03-01', 3),
(412, 5898, '2017-03-01', 14),
(413, 22607, '2017-04-01', 1),
(414, 13981, '2017-03-01', 1),
(415, 9673, '2017-04-01', 1),
(416, 7758, '2017-05-01', 1),
(417, 22581, '2017-05-01', 12),
(418, 18850, '2017-05-01', 14),
(419, 24621, '2017-06-01', 1),
(420, 22607, '2017-06-01', 8),
(421, 18857, '2017-05-01', 17),
(422, 5898, '2017-04-01', 2),
(423, 17919, '2017-04-01', 2),
(424, 22531, '2017-05-01', 6),
(425, 7758, '2017-06-01', 1),
(426, 8095, '2017-05-01', 32),
(427, 9671, '2017-04-01', 2),
(428, 7766, '2017-03-01', 2),
(429, 18850, '2017-04-01', 1),
(430, 17919, '2017-04-01', 15),
(431, 22597, '2017-05-01', 1),
(432, 18857, '2017-04-01', 1),
(433, 5898, '2017-06-01', 1),
(434, 13981, '2017-01-01', 1),
(435, 7758, '2017-06-01', 16),
(436, 18850, '2017-05-01', 1),
(437, 22513, '2017-04-01', 1),
(438, 22597, '2017-04-01', 1),
(439, 9673, '2017-03-01', 3),
(440, 22531, '2017-04-01', 2),
(441, 13981, '2017-01-01', 1),
(442, 12992, '2017-03-01', 2),
(443, 5905, '2017-03-01', 31),
(444, 22597, '2017-05-01', 3),
(445, 22607, '2017-04-01', 18),
(446, 18857, '2017-04-01', 2),
(447, 18850, '2017-04-01', 1),
(448, 9673, '2017-05-01', 2),
(449, 9671, '2017-04-01', 27),
(450, 18850, '2017-06-01', 1),
(451, 18850, '2017-06-01', 1),
(452, 13981, '2017-01-01', 1),
(453, 22513, '2017-04-01', 15),
(454, 22607, '2017-05-01', 1),
(455, 13981, '2017-01-01', 1),
(456, 7766, '2017-03-01', 1),
(457, 7766, '2017-05-01', 1),
(458, 5905, '2017-03-01', 1),
(459, 7766, '2017-05-01', 3),
(460, 13981, '2017-01-01', 1),
(461, 7766, '2017-04-01', 2),
(462, 22607, '2017-04-01', 1),
(463, 9671, '2017-06-01', 2),
(464, 22581, '2017-04-01', 14),
(465, 11165, '2017-05-01', 1),
(466, 18857, '2017-04-01', 3),
(467, 22531, '2017-04-01', 2),
(468, 7766, '2017-04-01', 1),
(469, 22577, '2017-01-01', 1),
(470, 5898, '2017-04-01', 12),
(471, 9671, '2017-05-01', 2),
(472, 11165, '2017-05-01', 1),
(473, 9671, '2017-07-01', 2),
(474, 9673, '2017-03-01', 1),
(475, 7766, '2017-03-01', 2),
(476, 22607, '2017-06-01', 17),
(477, 5898, '2017-06-01', 1),
(478, 13981, '2017-03-01', 1),
(479, 9673, '2017-04-01', 13),
(480, 16019, '2017-06-01', 8),
(481, 12992, '2017-03-01', 1),
(482, 12992, '2017-05-01', 5),
(483, 9671, '2017-07-01', 1),
(484, 7766, '2017-05-01', 1),
(485, 11165, '2017-06-01', 1),
(486, 8095, '2017-05-01', 1),
(487, 22607, '2017-04-01', 2),
(488, 16019, '2017-07-01', 12),
(489, 5905, '2017-03-01', 8),
(490, 12992, '2017-05-01', 1),
(491, 22531, '2017-04-01', 3),
(492, 12992, '2017-03-01', 2),
(493, 7766, '2017-05-01', 1),
(494, 5898, '2017-06-01', 2),
(495, 7766, '2017-05-01', 8),
(496, 7758, '2017-06-01', 2),
(497, 22581, '2017-04-01', 2),
(498, 7766, '2017-04-01', 3),
(499, 22607, '2017-05-01', 3),
(500, 22513, '2017-05-01', 21),
(501, 8095, '2017-05-01', 1),
(502, 22597, '2017-05-01', 1),
(503, 22607, '2017-07-01', 1),
(504, 22607, '2017-05-01', 19),
(505, 12992, '2017-04-01', 2),
(506, 18857, '2017-05-01', 1),
(507, 24621, '2017-05-01', 9),
(508, 24621, '2017-05-01', 1),
(509, 12992, '2017-03-01', 29),
(510, 24621, '2017-05-01', 6),
(511, 22513, '2017-06-01', 4),
(512, 12992, '2017-03-01', 1),
(513, 18857, '2017-04-01', 31),
(514, 22607, '2017-06-01', 6),
(515, 9673, '2017-04-01', 1),
(516, 22513, '2017-05-01', 1),
(517, 7327, '2017-01-01', 1),
(518, 9671, '2017-06-01', 1),
(519, 22516, '2017-02-01', 1),
(520, 22531, '2017-04-01', 11),
(521, 22577, '2017-02-01', 1),
(522, 22607, '2017-05-01', 1),
(523, 22516, '2017-02-01', 5),
(524, 9671, '2017-05-01', 1),
(525, 5898, '2017-05-01', 1),
(526, 24621, '2017-06-01', 8),
(527, 22597, '2017-05-01', 2),
(528, 7766, '2017-04-01', 1),
(529, 8095, '2017-04-01', 1),
(530, 24621, '2017-06-01', 5),
(531, 12195, '2017-02-01', 1),
(532, 7327, '2017-02-01', 5),
(533, 18850, '2017-06-01', 10),
(534, 18850, '2017-04-01', 9),
(535, 17919, '2017-05-01', 19),
(536, 8095, '2017-04-01', 34),
(537, 11165, '2017-04-01', 1),
(538, 1832, '2017-02-01', 38),
(539, 22607, '2017-06-01', 2),
(540, 18857, '2017-05-01', 2),
(541, 22607, '2017-09-01', 1),
(542, 22531, '2017-04-01', 1),
(543, 8095, '2017-04-01', 1),
(544, 7327, '2017-01-01', 1),
(545, 22607, '2017-09-01', 5),
(546, 11165, '2017-06-01', 1),
(547, 12992, '2017-04-01', 10),
(548, 22581, '2017-04-01', 1),
(549, 22516, '2017-01-01', 1),
(550, 22607, '2017-09-01', 1),
(551, 5898, '2017-06-01', 12),
(552, 17919, '2017-05-01', 2),
(553, 24621, '2017-06-01', 2),
(554, 9671, '2017-07-01', 3),
(555, 11165, '2017-05-01', 1),
(556, 7327, '2017-01-01', 1),
(557, 7762, '2017-01-01', 1),
(558, 9673, '2017-04-01', 5),
(559, 13981, '2017-05-01', 1),
(560, 22577, '2017-04-01', 1),
(561, 5905, '2017-03-01', 1),
(562, 15258, '2017-03-01', 3),
(563, 7752, '2017-04-01', 5),
(564, 9673, '2017-05-01', 1),
(565, 8095, '2017-05-01', 1),
(566, 22577, '2017-01-01', 1),
(567, 11165, '2017-06-01', 2),
(568, 7766, '2017-04-01', 8),
(569, 9673, '2017-04-01', 29),
(570, 7766, '2017-04-01', 1),
(571, 7763, '2017-05-01', 1),
(572, 20231, '2017-02-01', 1),
(573, 13981, '2017-02-01', 1),
(574, 22531, '2017-05-01', 1),
(575, 22514, '2017-01-01', 10),
(576, 22597, '2017-05-01', 12),
(577, 15245, '2017-01-01', 1),
(578, 9673, '2017-05-01', 33),
(579, 5898, '2017-05-01', 13),
(580, 18850, '2017-05-01', 18),
(581, 9673, '2017-04-01', 5),
(582, 9671, '2017-08-01', 1),
(583, 22607, '2017-07-01', 10),
(584, 18850, '2017-04-01', 1),
(585, 18850, '2017-05-01', 1),
(586, 22607, '2017-05-01', 1),
(587, 7327, '2017-01-01', 2),
(588, 9671, '2017-05-01', 1),
(589, 12992, '2017-04-01', 1),
(590, 22577, '2017-02-01', 1),
(591, 18850, '2017-06-01', 22),
(592, 18853, '2017-01-01', 4),
(593, 18857, '2017-05-01', 3),
(594, 12992, '2017-07-01', 1),
(595, 7766, '2017-05-01', 1),
(596, 16019, '2017-04-01', 8),
(597, 13981, '2017-05-01', 1),
(598, 1832, '2017-02-01', 9),
(599, 17919, '2017-05-01', 1),
(600, 22597, '2017-05-01', 18),
(601, 16019, '2017-07-01', 1),
(602, 22607, '2017-06-01', 1),
(603, 1832, '2017-02-01', 2),
(604, 11165, '2017-04-01', 1),
(605, 9673, '2017-04-01', 2),
(606, 9671, '2017-06-01', 1),
(607, 22514, '2017-01-01', 1),
(608, 24621, '2017-06-01', 4),
(609, 22607, '2017-10-01', 1),
(610, 22581, '2017-05-01', 1),
(611, 8095, '2017-05-01', 3),
(612, 7766, '2017-05-01', 1),
(613, 5905, '2017-03-01', 16),
(614, 9671, '2017-05-01', 15),
(615, 15245, '2017-01-01', 1),
(616, 18857, '2017-05-01', 2),
(617, 16019, '2017-05-01', 1),
(618, 22531, '2017-05-01', 1),
(619, 22607, '2017-10-01', 2),
(620, 22577, '2017-02-01', 1),
(621, 9673, '2017-05-01', 5),
(622, 16019, '2017-04-01', 1),
(623, 11165, '2017-06-01', 1),
(624, 9886, '2017-01-01', 3),
(625, 22513, '2017-05-01', 5),
(626, 22516, '2017-03-01', 4),
(627, 7762, '2017-02-01', 1),
(628, 22513, '2017-06-01', 8),
(629, 22577, '2017-03-01', 1),
(630, 13981, '2017-06-01', 1),
(631, 22577, '2017-03-01', 1),
(632, 13981, '2017-04-01', 1),
(633, 22516, '2017-03-01', 4),
(634, 22597, '2017-06-01', 2),
(635, 9673, '2017-05-01', 2),
(636, 22577, '2017-02-01', 1),
(637, 5905, '2017-03-01', 1),
(638, 18854, '2017-01-01', 1),
(639, 13981, '2017-03-01', 1),
(640, 9671, '2017-05-01', 1),
(641, 18852, '2017-01-01', 1),
(642, 22597, '2017-06-01', 1),
(643, 12992, '2017-06-01', 1),
(644, 12195, '2017-03-01', 1),
(645, 13981, '2017-02-01', 1),
(646, 22577, '2017-04-01', 1),
(647, 22607, '2017-11-01', 1),
(648, 7752, '2017-04-01', 1),
(649, 22531, '2017-05-01', 10),
(650, 9886, '2017-01-01', 2),
(651, 5898, '2017-05-01', 2),
(652, 12992, '2017-04-01', 40),
(653, 13981, '2017-05-01', 2),
(654, 22516, '2017-03-01', 4),
(655, 7327, '2017-02-01', 1),
(656, 18853, '2017-01-01', 4),
(657, 13981, '2017-04-01', 2),
(658, 5898, '2017-05-01', 1),
(659, 16019, '2017-08-01', 22),
(660, 9671, '2017-08-01', 21),
(661, 18857, '2017-05-01', 1),
(662, 12195, '2017-01-01', 10),
(663, 22523, '2017-01-01', 18),
(664, 7752, '2017-04-01', 2),
(665, 22531, '2017-05-01', 2),
(666, 18857, '2017-07-01', 2),
(667, 18849, '2017-01-01', 1),
(668, 20231, '2017-03-01', 1),
(669, 22607, '2017-07-01', 2),
(670, 22577, '2017-03-01', 2),
(671, 22607, '2017-10-01', 13),
(672, 7327, '2017-02-01', 34),
(673, 11165, '2017-07-01', 2),
(674, 22607, '2017-08-01', 1),
(675, 11165, '2017-04-01', 1),
(676, 18850, '2017-06-01', 1),
(677, 18857, '2017-05-01', 36),
(678, 12195, '2017-02-01', 1),
(679, 12992, '2017-05-01', 24),
(680, 16019, '2017-06-01', 1),
(681, 12992, '2017-06-01', 2),
(682, 22523, '2017-01-01', 2),
(683, 7327, '2017-01-01', 6),
(684, 22616, '2017-01-01', 24),
(685, 20231, '2017-01-01', 1),
(686, 9671, '2017-06-01', 33),
(687, 22617, '2017-03-01', 2),
(688, 22577, '2017-03-01', 1),
(689, 7327, '2017-02-01', 1),
(690, 22531, '2017-05-01', 1),
(691, 9886, '2017-01-01', 8),
(692, 8095, '2017-06-01', 1),
(693, 7763, '2017-06-01', 1),
(694, 18857, '2017-06-01', 1),
(695, 22560, '2017-02-01', 34),
(696, 12992, '2017-06-01', 1),
(697, 22516, '2017-01-01', 4),
(698, 22607, '2017-06-01', 1),
(699, 18858, '2017-01-01', 18),
(700, 18850, '2017-05-01', 1),
(701, 22577, '2017-03-01', 3),
(702, 7763, '2017-05-01', 1),
(703, 9671, '2017-08-01', 1),
(704, 15258, '2017-03-01', 1),
(705, 22597, '2017-06-01', 3),
(706, 9671, '2017-09-01', 1),
(707, 11165, '2017-04-01', 2),
(708, 22524, '2017-01-01', 1),
(709, 7766, '2017-06-01', 1),
(710, 7762, '2017-02-01', 1),
(711, 12992, '2017-05-01', 2),
(712, 12195, '2017-01-01', 1),
(713, 22607, '2017-10-01', 9),
(714, 22523, '2017-03-01', 29),
(715, 22531, '2017-05-01', 12),
(716, 22607, '2017-08-01', 1),
(717, 20231, '2017-03-01', 1),
(718, 22607, '2017-09-01', 16),
(719, 22607, '2017-06-01', 1),
(720, 9886, '2017-01-01', 1),
(721, 22524, '2017-01-01', 1),
(722, 12992, '2017-07-01', 3),
(723, 22607, '2017-08-01', 1),
(724, 13981, '2017-04-01', 1),
(725, 22523, '2017-02-01', 1),
(726, 22513, '2017-06-01', 1),
(727, 22597, '2017-06-01', 13),
(728, 16019, '2017-04-01', 1),
(729, 22607, '2017-11-01', 1),
(730, 11237, '2017-01-01', 1),
(731, 1832, '2017-01-01', 6),
(732, 18853, '2017-01-01', 4),
(733, 22581, '2017-05-01', 34),
(734, 18852, '2017-01-01', 5),
(735, 18852, '2017-01-01', 9),
(736, 11165, '2017-07-01', 3),
(737, 7327, '2017-01-01', 6),
(738, 12992, '2017-05-01', 1),
(739, 16019, '2017-08-01', 1),
(740, 22514, '2017-01-01', 1),
(741, 13981, '2017-05-01', 1),
(742, 7766, '2017-06-01', 10),
(743, 22516, '2017-01-01', 3),
(744, 12195, '2017-02-01', 1),
(745, 12195, '2017-01-01', 1),
(746, 18848, '2017-01-01', 5),
(747, 7763, '2017-06-01', 4),
(748, 15257, '2017-01-01', 1),
(749, 7762, '2017-01-01', 1),
(750, 18849, '2017-01-01', 1),
(751, 7327, '2017-02-01', 2),
(752, 22577, '2017-04-01', 2),
(753, 18857, '2017-06-01', 8),
(754, 7766, '2017-06-01', 1),
(755, 9671, '2017-08-01', 1),
(756, 12992, '2017-05-01', 1),
(757, 22516, '2017-01-01', 1),
(758, 22513, '2017-06-01', 22),
(759, 12992, '2017-06-01', 22),
(760, 9671, '2017-09-01', 1),
(761, 18852, '2017-03-01', 5),
(762, 7762, '2017-01-01', 16),
(763, 12992, '2017-04-01', 2),
(764, 22607, '2017-11-01', 22),
(765, 15260, '2017-02-01', 5),
(766, 22560, '2017-01-01', 1),
(767, 22607, '2017-08-01', 6),
(768, 22516, '2017-04-01', 2),
(769, 15260, '2017-02-01', 1),
(770, 22607, '2017-08-01', 1),
(771, 12992, '2017-07-01', 23),
(772, 16019, '2017-05-01', 23),
(773, 16019, '2017-06-01', 1),
(774, 22514, '2017-01-01', 2),
(775, 7762, '2017-03-01', 22),
(776, 12992, '2017-04-01', 2),
(777, 9671, '2017-07-01', 5),
(778, 7762, '2017-03-01', 1),
(779, 13981, '2017-06-01', 1),
(780, 22513, '2017-07-01', 4),
(781, 22607, '2017-07-01', 1),
(782, 18857, '2017-07-01', 34),
(783, 1832, '2017-01-01', 39),
(784, 18857, '2017-07-01', 4),
(785, 18852, '2017-03-01', 1),
(786, 9371, '2017-02-01', 2),
(787, 13981, '2017-04-01', 1),
(788, 12992, '2017-04-01', 2),
(789, 18848, '2017-02-01', 6),
(790, 9886, '2017-01-01', 1),
(791, 22516, '2017-05-01', 30),
(792, 22617, '2017-03-01', 1),
(793, 9371, '2017-01-01', 2),
(794, 18853, '2017-03-01', 7),
(795, 9671, '2017-07-01', 3),
(796, 18848, '2017-01-01', 1),
(797, 22607, '2017-08-01', 1),
(798, 18848, '2017-01-01', 1),
(799, 18857, '2017-06-01', 6),
(800, 13981, '2017-06-01', 1),
(801, 9671, '2017-07-01', 40),
(802, 18852, '2017-02-01', 5),
(803, 9673, '2017-05-01', 12),
(804, 18854, '2017-01-01', 2),
(805, 7763, '2017-05-01', 6),
(806, 22516, '2017-05-01', 5),
(807, 22516, '2017-02-01', 3),
(808, 18857, '2017-07-01', 17),
(809, 22616, '2017-01-01', 2),
(810, 11237, '2017-02-01', 1),
(811, 12992, '2017-07-01', 2),
(812, 18854, '2017-01-01', 6),
(813, 11237, '2017-01-01', 2),
(814, 11165, '2017-07-01', 1),
(815, 22513, '2017-08-01', 1),
(816, 7327, '2017-02-01', 5),
(817, 22516, '2017-05-01', 2),
(818, 15245, '2017-01-01', 15),
(819, 12195, '2017-01-01', 1),
(820, 22516, '2017-01-01', 5),
(821, 22523, '2017-04-01', 1),
(822, 9371, '2017-02-01', 1),
(823, 22607, '2017-07-01', 16),
(824, 22523, '2017-05-01', 1),
(825, 9652, '2017-01-01', 2),
(826, 22560, '2017-01-01', 1),
(827, 18857, '2017-08-01', 2),
(828, 22607, '2017-09-01', 1),
(829, 18848, '2017-02-01', 1),
(830, 12195, '2017-03-01', 1),
(831, 22516, '2017-03-01', 2),
(832, 9371, '2017-02-01', 2),
(833, 18848, '2017-01-01', 18),
(834, 11165, '2017-05-01', 1),
(835, 15258, '2017-03-01', 1),
(836, 7762, '2017-01-01', 1),
(837, 22516, '2017-01-01', 23),
(838, 15260, '2017-03-01', 2),
(839, 9652, '2017-02-01', 43),
(840, 9371, '2017-01-01', 15),
(841, 24621, '2017-07-01', 7),
(842, 1832, '2017-01-01', 2),
(843, 7327, '2017-01-01', 33),
(844, 22524, '2017-01-01', 1),
(845, 22523, '2017-03-01', 1),
(846, 22523, '2017-02-01', 1),
(847, 18853, '2017-02-01', 3),
(848, 9371, '2017-02-01', 18),
(849, 15260, '2017-01-01', 1),
(850, 22560, '2017-02-01', 1),
(851, 12195, '2017-03-01', 7),
(852, 18848, '2017-01-01', 3),
(853, 9371, '2017-01-01', 1),
(854, 22607, '2017-07-01', 1),
(855, 11165, '2017-07-01', 1),
(856, 22523, '2017-01-01', 2),
(857, 22513, '2017-07-01', 14),
(858, 12992, '2017-07-01', 2),
(859, 15260, '2017-01-01', 1),
(860, 22616, '2017-02-01', 16),
(861, 18857, '2017-06-01', 2),
(862, 9671, '2017-08-01', 5),
(863, 22607, '2017-09-01', 1),
(864, 22607, '2017-08-01', 16),
(865, 5905, '2017-04-01', 3),
(866, 9371, '2017-02-01', 2),
(867, 9886, '2017-02-01', 16),
(868, 18857, '2017-08-01', 1),
(869, 12195, '2017-02-01', 8),
(870, 10434, '2017-01-01', 9),
(871, 22513, '2017-09-01', 11),
(872, 15260, '2017-02-01', 6),
(873, 9886, '2017-02-01', 4),
(874, 20231, '2017-03-01', 1),
(875, 7762, '2017-03-01', 2),
(876, 22523, '2017-05-01', 1),
(877, 18854, '2017-01-01', 2),
(878, 12992, '2017-08-01', 2),
(879, 13981, '2017-07-01', 1),
(880, 7752, '2017-05-01', 2),
(881, 22524, '2017-01-01', 1),
(882, 7327, '2017-02-01', 2),
(883, 22616, '2017-03-01', 26),
(884, 9652, '2017-02-01', 1),
(885, 22514, '2017-02-01', 8),
(886, 5905, '2017-04-01', 36),
(887, 22607, '2017-11-01', 1),
(888, 12992, '2017-08-01', 1),
(889, 22516, '2017-02-01', 22),
(890, 18857, '2017-08-01', 1),
(891, 18853, '2017-01-01', 2),
(892, 15258, '2017-04-01', 1),
(893, 18858, '2017-02-01', 1),
(894, 18848, '2017-02-01', 2),
(895, 12195, '2017-03-01', 47),
(896, 22513, '2017-07-01', 1),
(897, 18852, '2017-04-01', 1),
(898, 18858, '2017-01-01', 6),
(899, 18857, '2017-07-01', 1),
(900, 22531, '2017-06-01', 2),
(901, 18852, '2017-03-01', 35),
(902, 18852, '2017-05-01', 1),
(903, 10434, '2017-02-01', 1),
(904, 10434, '2017-01-01', 1),
(905, 22516, '2017-03-01', 28),
(906, 22523, '2017-01-01', 1),
(907, 10002, '2017-01-01', 1),
(908, 12195, '2017-03-01', 1),
(909, 22513, '2017-08-01', 1),
(910, 22516, '2017-02-01', 3),
(911, 22513, '2017-09-01', 1),
(912, 7766, '2017-06-01', 1),
(913, 22523, '2017-05-01', 13),
(914, 20231, '2017-05-01', 1),
(915, 18857, '2017-09-01', 1),
(916, 18853, '2017-03-01', 2),
(917, 22597, '2017-06-01', 1),
(918, 15260, '2017-02-01', 1),
(919, 22617, '2017-03-01', 2),
(920, 22531, '2017-06-01', 4),
(921, 10002, '2017-01-01', 16),
(922, 9652, '2017-01-01', 47),
(923, 7766, '2017-06-01', 7),
(924, 22513, '2017-10-01', 3),
(925, 20231, '2017-02-01', 1),
(926, 22597, '2017-06-01', 24),
(927, 12992, '2017-07-01', 3),
(928, 22560, '2017-04-01', 1),
(929, 7752, '2017-05-01', 1),
(930, 22513, '2017-09-01', 1),
(931, 12992, '2017-07-01', 1),
(932, 18854, '2017-01-01', 1),
(933, 9652, '2017-01-01', 1),
(934, 18852, '2017-02-01', 10),
(935, 22516, '2017-04-01', 27),
(936, 16019, '2017-08-01', 5),
(937, 7762, '2017-01-01', 1),
(938, 2267, '2017-02-01', 2),
(939, 11165, '2017-08-01', 2),
(940, 22617, '2017-03-01', 7),
(941, 22560, '2017-03-01', 46),
(942, 7766, '2017-06-01', 2),
(943, 9371, '2017-04-01', 2),
(944, 7762, '2017-03-01', 2),
(945, 9671, '2017-09-01', 58),
(946, 22516, '2017-03-01', 1),
(947, 12195, '2017-02-01', 25),
(948, 22616, '2017-01-01', 16),
(949, 7762, '2017-03-01', 1),
(950, 7766, '2017-06-01', 7),
(951, 20231, '2017-01-01', 1),
(952, 22560, '2017-01-01', 1),
(953, 18852, '2017-05-01', 1),
(954, 15245, '2017-01-01', 2),
(955, 22523, '2017-06-01', 18),
(956, 9371, '2017-04-01', 1),
(957, 5905, '2017-05-01', 1),
(958, 8095, '2017-06-01', 1),
(959, 22516, '2017-04-01', 1),
(960, 20231, '2017-01-01', 1),
(961, 18857, '2017-08-01', 4),
(962, 9886, '2017-02-01', 1),
(963, 22577, '2017-05-01', 1),
(964, 24621, '2017-07-01', 10),
(965, 18857, '2017-09-01', 2),
(966, 12213, '2017-01-01', 2),
(967, 18848, '2017-01-01', 2),
(968, 9371, '2017-03-01', 17),
(969, 22560, '2017-05-01', 2),
(970, 12992, '2017-08-01', 1),
(971, 22560, '2017-04-01', 1),
(972, 13981, '2017-06-01', 2),
(973, 2267, '2017-01-01', 2),
(974, 22523, '2017-02-01', 2),
(975, 18852, '2017-04-01', 1),
(976, 22523, '2017-01-01', 1),
(977, 22616, '2017-02-01', 25),
(978, 18853, '2017-02-01', 2),
(979, 5898, '2017-07-01', 17),
(980, 18857, '2017-09-01', 36),
(981, 18858, '2017-02-01', 24),
(982, 7762, '2017-04-01', 8),
(983, 18850, '2017-07-01', 1),
(984, 13981, '2017-06-01', 1),
(985, 22616, '2017-01-01', 2),
(986, 15257, '2017-01-01', 1),
(987, 11165, '2017-08-01', 1),
(988, 22514, '2017-01-01', 12),
(989, 2267, '2017-01-01', 18),
(990, 12992, '2017-08-01', 5),
(991, 22513, '2017-09-01', 9),
(992, 22514, '2017-02-01', 1),
(993, 18852, '2017-02-01', 1),
(994, 20231, '2017-04-01', 1),
(995, 12195, '2017-03-01', 1),
(996, 22514, '2017-01-01', 1),
(997, 22607, '2017-10-01', 9),
(998, 18848, '2017-01-01', 6),
(999, 22524, '2017-01-01', 3),
(1000, 22616, '2017-03-01', 2),
(1001, 24621, '2017-08-01', 3),
(1002, 9886, '2017-02-01', 3),
(1003, 22516, '2017-04-01', 7),
(1004, 9371, '2017-03-01', 1),
(1005, 8095, '2017-06-01', 1),
(1006, 9652, '2017-01-01', 1),
(1007, 22577, '2017-05-01', 1),
(1008, 22523, '2017-03-01', 1),
(1009, 11237, '2017-02-01', 2),
(1010, 22617, '2017-04-01', 3),
(1011, 22560, '2017-01-01', 1),
(1012, 12992, '2017-08-01', 2),
(1013, 9371, '2017-03-01', 1),
(1014, 11237, '2017-02-01', 1),
(1015, 12195, '2017-04-01', 7),
(1016, 15258, '2017-03-01', 1),
(1017, 2267, '2017-02-01', 27),
(1018, 24621, '2017-08-01', 2),
(1019, 9371, '2017-02-01', 1),
(1020, 9371, '2017-03-01', 1),
(1021, 22597, '2017-06-01', 1),
(1022, 13981, '2017-07-01', 2),
(1023, 9886, '2017-01-01', 22),
(1024, 9371, '2017-03-01', 1),
(1025, 24621, '2017-08-01', 2),
(1026, 18857, '2017-07-01', 2),
(1027, 18857, '2017-06-01', 1),
(1028, 20231, '2017-02-01', 1),
(1029, 7762, '2017-03-01', 5),
(1030, 7762, '2017-04-01', 1),
(1031, 9886, '2017-03-01', 18),
(1032, 2267, '2017-02-01', 3),
(1033, 15245, '2017-02-01', 1),
(1034, 22513, '2017-08-01', 1),
(1035, 7752, '2017-05-01', 5),
(1036, 9671, '2017-09-01', 9),
(1037, 15246, '2017-04-01', 1),
(1038, 22616, '2017-02-01', 2),
(1039, 12202, '2017-01-01', 1),
(1040, 5905, '2017-04-01', 1),
(1041, 18853, '2017-02-01', 11),
(1042, 7766, '2017-07-01', 1),
(1043, 22513, '2017-07-01', 2),
(1044, 10434, '2017-01-01', 1),
(1045, 22560, '2017-01-01', 1),
(1046, 11237, '2017-02-01', 1),
(1047, 15254, '2017-01-01', 4),
(1048, 12195, '2017-04-01', 1),
(1049, 18858, '2017-01-01', 1),
(1050, 22607, '2017-10-01', 1),
(1051, 18854, '2017-02-01', 1),
(1052, 13981, '2017-08-01', 1),
(1053, 15260, '2017-01-01', 7),
(1054, 22577, '2017-05-01', 1),
(1055, 9371, '2017-02-01', 3),
(1056, 15246, '2017-03-01', 2),
(1057, 24621, '2017-07-01', 2),
(1058, 22523, '2017-02-01', 18),
(1059, 10002, '2017-03-01', 1),
(1060, 22560, '2017-01-01', 35),
(1061, 18852, '2017-05-01', 25),
(1062, 15260, '2017-02-01', 2),
(1063, 18857, '2017-08-01', 30),
(1064, 22516, '2017-05-01', 4),
(1065, 7766, '2017-08-01', 5),
(1066, 21125, '2017-01-01', 1),
(1067, 7763, '2017-07-01', 1),
(1068, 18867, '2017-01-01', 3),
(1069, 22523, '2017-03-01', 2),
(1070, 18845, '2017-01-01', 1),
(1071, 18853, '2017-03-01', 18),
(1072, 13981, '2017-09-01', 2),
(1073, 18845, '2017-01-01', 2),
(1074, 22516, '2017-05-01', 3),
(1075, 22513, '2017-08-01', 22),
(1076, 7762, '2017-05-01', 1),
(1077, 18857, '2017-06-01', 30),
(1078, 5898, '2017-08-01', 2),
(1079, 22616, '2017-04-01', 19),
(1080, 18858, '2017-01-01', 1),
(1081, 22524, '2017-02-01', 1),
(1082, 24621, '2017-07-01', 2),
(1083, 7766, '2017-07-01', 3),
(1084, 22616, '2017-01-01', 1),
(1085, 18854, '2017-01-01', 5),
(1086, 22617, '2017-05-01', 2),
(1087, 15254, '2017-02-01', 1),
(1088, 11237, '2017-01-01', 1),
(1089, 20231, '2017-04-01', 1),
(1090, 18857, '2017-08-01', 7),
(1091, 7766, '2017-07-01', 7),
(1092, 18857, '2017-07-01', 1),
(1093, 7762, '2017-03-01', 1),
(1094, 15260, '2017-02-01', 6),
(1095, 24621, '2017-08-01', 4),
(1096, 18858, '2017-02-01', 1),
(1097, 22560, '2017-02-01', 1),
(1098, 22560, '2017-02-01', 2),
(1099, 7762, '2017-05-01', 19),
(1100, 22523, '2017-05-01', 3),
(1101, 22560, '2017-03-01', 6),
(1102, 7762, '2017-05-01', 1),
(1103, 15258, '2017-05-01', 1),
(1104, 22513, '2017-10-01', 4),
(1105, 18852, '2017-04-01', 21),
(1106, 10002, '2017-01-01', 1),
(1107, 22560, '2017-03-01', 1),
(1108, 22560, '2017-05-01', 63),
(1109, 22617, '2017-03-01', 2),
(1110, 22560, '2017-05-01', 2),
(1111, 5905, '2017-04-01', 2),
(1112, 24621, '2017-08-01', 1),
(1113, 15260, '2017-03-01', 6),
(1114, 8095, '2017-06-01', 30),
(1115, 22524, '2017-02-01', 5),
(1116, 2267, '2017-02-01', 2),
(1117, 18857, '2017-06-01', 1),
(1118, 12202, '2017-02-01', 1),
(1119, 9371, '2017-02-01', 1),
(1120, 22524, '2017-02-01', 1),
(1121, 18853, '2017-02-01', 7),
(1122, 15254, '2017-02-01', 2),
(1123, 22561, '2017-01-01', 1),
(1124, 22607, '2017-11-01', 4),
(1125, 20231, '2017-04-01', 1),
(1126, 18852, '2017-05-01', 3),
(1127, 22616, '2017-05-01', 26),
(1128, 3667, '2017-01-01', 1),
(1129, 12992, '2017-08-01', 29),
(1130, 9371, '2017-04-01', 18),
(1131, 5898, '2017-08-01', 2),
(1132, 24621, '2017-08-01', 6),
(1133, 15260, '2017-01-01', 1),
(1134, 12202, '2017-02-01', 1),
(1135, 21125, '2017-01-01', 1),
(1136, 22513, '2017-08-01', 3),
(1137, 18850, '2017-07-01', 3),
(1138, 18858, '2017-01-01', 2),
(1139, 9886, '2017-02-01', 2),
(1140, 22516, '2017-05-01', 1),
(1141, 15254, '2017-01-01', 4),
(1142, 22616, '2017-04-01', 2),
(1143, 7762, '2017-02-01', 5),
(1144, 7762, '2017-02-01', 1),
(1145, 7327, '2017-04-01', 6),
(1146, 22516, '2017-05-01', 2),
(1147, 18852, '2017-05-01', 5),
(1148, 15254, '2017-02-01', 1),
(1149, 7762, '2017-02-01', 16),
(1150, 18858, '2017-02-01', 8),
(1151, 9652, '2017-02-01', 1),
(1152, 22560, '2017-05-01', 1),
(1153, 13981, '2017-08-01', 1),
(1154, 7327, '2017-04-01', 8),
(1155, 15260, '2017-01-01', 2),
(1156, 7327, '2017-03-01', 2),
(1157, 22617, '2017-03-01', 2),
(1158, 22523, '2017-06-01', 1),
(1159, 10002, '2017-03-01', 1),
(1160, 22560, '2017-06-01', 46),
(1161, 15246, '2017-03-01', 2),
(1162, 7762, '2017-04-01', 19),
(1163, 15260, '2017-02-01', 5),
(1164, 13981, '2017-07-01', 1),
(1165, 9371, '2017-03-01', 2),
(1166, 22523, '2017-03-01', 1),
(1167, 22513, '2017-11-01', 1),
(1168, 12213, '2017-02-01', 2),
(1169, 10002, '2017-04-01', 1),
(1170, 22560, '2017-04-01', 46),
(1171, 22617, '2017-04-01', 1),
(1172, 22607, '2017-11-01', 6),
(1173, 12992, '2017-09-01', 16),
(1174, 15246, '2017-02-01', 2),
(1175, 18853, '2017-04-01', 4),
(1176, 12992, '2017-09-01', 1),
(1177, 15257, '2017-01-01', 2),
(1178, 24621, '2017-07-01', 9),
(1179, 11237, '2017-03-01', 1),
(1180, 18853, '2017-04-01', 2),
(1181, 20231, '2017-05-01', 1),
(1182, 7763, '2017-06-01', 1),
(1183, 22577, '2017-05-01', 1),
(1184, 22848, '2017-01-01', 4),
(1185, 10434, '2017-02-01', 23),
(1186, 15260, '2017-01-01', 6),
(1187, 18848, '2017-04-01', 5),
(1188, 22513, '2017-09-01', 1),
(1189, 7766, '2017-09-01', 1),
(1190, 22577, '2017-05-01', 1),
(1191, 22516, '2017-04-01', 4),
(1192, 11237, '2017-01-01', 1),
(1193, 15258, '2017-06-01', 1),
(1194, 15260, '2017-03-01', 1),
(1195, 15257, '2017-01-01', 2),
(1196, 5905, '2017-05-01', 36),
(1197, 5905, '2017-04-01', 8),
(1198, 12213, '2017-02-01', 3),
(1199, 7762, '2017-04-01', 1),
(1200, 9371, '2017-01-01', 2),
(1201, 15257, '2017-02-01', 2),
(1202, 22607, '2017-11-01', 1),
(1203, 13981, '2017-08-01', 1),
(1204, 10434, '2017-01-01', 13),
(1205, 5898, '2017-07-01', 3),
(1206, 9371, '2017-04-01', 1),
(1207, 18857, '2017-09-01', 7),
(1208, 15245, '2017-02-01', 14),
(1209, 10002, '2017-05-01', 1),
(1210, 22616, '2017-02-01', 1),
(1211, 22616, '2017-03-01', 16),
(1212, 18853, '2017-03-01', 5),
(1213, 22523, '2017-03-01', 1),
(1214, 7766, '2017-09-01', 2),
(1215, 22516, '2017-06-01', 2),
(1216, 9371, '2017-04-01', 1),
(1217, 18863, '2017-01-01', 7),
(1218, 22616, '2017-04-01', 2),
(1219, 15260, '2017-03-01', 8),
(1220, 15260, '2017-01-01', 2),
(1221, 24622, '2017-02-01', 2),
(1222, 10002, '2017-04-01', 1),
(1223, 10002, '2017-02-01', 1),
(1224, 22513, '2017-10-01', 1),
(1225, 15246, '2017-06-01', 16),
(1226, 18858, '2017-02-01', 1),
(1227, 22616, '2017-02-01', 2),
(1228, 22581, '2017-06-01', 24),
(1229, 7769, '2017-01-01', 13),
(1230, 22516, '2017-07-01', 3),
(1231, 22524, '2017-04-01', 1),
(1232, 22601, '2017-01-01', 1),
(1233, 15258, '2017-06-01', 8),
(1234, 18858, '2017-03-01', 3),
(1235, 22601, '2017-01-01', 3),
(1236, 22524, '2017-04-01', 5),
(1237, 18867, '2017-01-01', 17),
(1238, 8095, '2017-07-01', 1),
(1239, 22516, '2017-06-01', 1),
(1240, 7327, '2017-03-01', 36),
(1241, 22523, '2017-04-01', 3),
(1242, 22560, '2017-04-01', 4),
(1243, 22524, '2017-01-01', 8),
(1244, 18857, '2017-09-01', 2),
(1245, 5898, '2017-08-01', 15),
(1246, 15254, '2017-04-01', 2),
(1247, 22523, '2017-04-01', 1),
(1248, 18848, '2017-02-01', 27),
(1249, 9886, '2017-03-01', 1),
(1250, 12992, '2017-08-01', 2),
(1251, 12992, '2017-09-01', 40),
(1252, 12195, '2017-04-01', 2),
(1253, 22561, '2017-03-01', 1),
(1254, 15260, '2017-02-01', 1),
(1255, 12213, '2017-04-01', 4),
(1256, 18852, '2017-04-01', 5),
(1257, 15260, '2017-03-01', 4),
(1258, 18852, '2017-06-01', 6),
(1259, 12213, '2017-01-01', 7),
(1260, 15258, '2017-04-01', 1),
(1261, 18850, '2017-07-01', 18),
(1262, 22616, '2017-04-01', 25),
(1263, 22513, '2017-10-01', 32),
(1264, 12213, '2017-02-01', 7),
(1265, 21125, '2017-01-01', 1),
(1266, 22560, '2017-03-01', 4),
(1267, 1832, '2017-03-01', 2),
(1268, 18848, '2017-02-01', 10),
(1269, 10434, '2017-01-01', 1),
(1270, 22577, '2017-08-01', 2),
(1271, 12195, '2017-04-01', 1),
(1272, 18848, '2017-03-01', 7),
(1273, 22516, '2017-06-01', 15),
(1274, 22848, '2017-01-01', 1),
(1275, 22577, '2017-07-01', 1),
(1276, 24622, '2017-06-01', 1),
(1277, 10002, '2017-02-01', 30),
(1278, 7766, '2017-08-01', 4),
(1279, 18848, '2017-02-01', 3),
(1280, 9371, '2017-04-01', 1),
(1281, 18850, '2017-07-01', 1),
(1282, 15258, '2017-05-01', 4),
(1283, 22514, '2017-02-01', 3),
(1284, 15245, '2017-02-01', 1),
(1285, 15260, '2017-04-01', 6),
(1286, 3667, '2017-01-01', 14),
(1287, 13981, '2017-07-01', 1),
(1288, 22607, '2017-12-01', 11),
(1289, 12213, '2017-01-01', 4),
(1290, 22523, '2017-06-01', 1),
(1291, 24622, '2017-04-01', 1),
(1292, 5905, '2017-07-01', 2),
(1293, 8095, '2017-09-01', 1),
(1294, 7766, '2017-08-01', 2),
(1295, 22617, '2017-04-01', 2),
(1296, 10434, '2017-03-01', 14),
(1297, 10434, '2017-02-01', 14),
(1298, 15260, '2017-04-01', 1),
(1299, 22617, '2017-07-01', 2),
(1300, 21125, '2017-01-01', 2),
(1301, 15260, '2017-04-01', 1),
(1302, 12202, '2017-03-01', 3),
(1303, 15260, '2017-03-01', 2),
(1304, 3667, '2017-02-01', 1),
(1305, 13981, '2017-09-01', 1),
(1306, 13981, '2017-08-01', 2),
(1307, 18857, '2017-10-01', 16),
(1308, 12202, '2017-01-01', 7),
(1309, 22601, '2017-02-01', 1),
(1310, 12992, '2017-10-01', 1),
(1311, 7769, '2017-01-01', 7),
(1312, 22524, '2017-02-01', 6),
(1313, 22616, '2017-03-01', 1),
(1314, 18857, '2017-08-01', 1),
(1315, 18848, '2017-04-01', 1),
(1316, 22561, '2017-02-01', 11),
(1317, 13981, '2017-09-01', 1),
(1318, 24622, '2017-05-01', 2),
(1319, 22561, '2017-01-01', 1),
(1320, 15260, '2017-05-01', 2),
(1321, 10002, '2017-03-01', 20),
(1322, 18853, '2017-04-01', 23),
(1323, 22617, '2017-06-01', 6),
(1324, 15258, '2017-07-01', 1),
(1325, 22516, '2017-04-01', 3),
(1326, 10434, '2017-03-01', 1),
(1327, 20231, '2017-05-01', 1),
(1328, 12992, '2017-08-01', 25),
(1329, 22617, '2017-07-01', 2),
(1330, 15246, '2017-06-01', 2),
(1331, 22561, '2017-01-01', 1),
(1332, 9673, '2017-06-01', 33),
(1333, 3667, '2017-02-01', 4),
(1334, 7763, '2017-07-01', 6),
(1335, 11165, '2017-09-01', 1),
(1336, 7766, '2017-07-01', 4),
(1337, 15260, '2017-03-01', 2),
(1338, 22524, '2017-02-01', 1),
(1339, 12213, '2017-03-01', 2),
(1340, 10434, '2017-02-01', 2),
(1341, 22560, '2017-06-01', 1),
(1342, 18854, '2017-02-01', 1),
(1343, 22616, '2017-05-01', 1),
(1344, 12213, '2017-02-01', 17),
(1345, 12213, '2017-01-01', 1),
(1346, 18867, '2017-02-01', 1),
(1347, 7766, '2017-07-01', 2),
(1348, 22523, '2017-04-01', 20),
(1349, 22516, '2017-07-01', 6),
(1350, 22616, '2017-03-01', 1),
(1351, 9673, '2017-06-01', 1),
(1352, 22577, '2017-08-01', 1),
(1353, 9371, '2017-03-01', 2),
(1354, 3667, '2017-03-01', 1),
(1355, 7327, '2017-04-01', 32),
(1356, 5905, '2017-06-01', 8),
(1357, 12195, '2017-04-01', 30),
(1358, 5905, '2017-05-01', 1),
(1359, 15246, '2017-03-01', 1),
(1360, 18854, '2017-02-01', 1),
(1361, 18858, '2017-03-01', 31),
(1362, 22561, '2017-02-01', 3),
(1363, 22616, '2017-05-01', 1),
(1364, 18867, '2017-01-01', 1),
(1365, 15257, '2017-02-01', 2),
(1366, 24622, '2017-06-01', 1),
(1367, 7762, '2017-04-01', 4),
(1368, 15254, '2017-05-01', 1),
(1369, 18857, '2017-08-01', 16),
(1370, 2267, '2017-01-01', 26),
(1371, 22524, '2017-05-01', 14),
(1372, 15258, '2017-07-01', 2),
(1373, 1832, '2017-03-01', 1),
(1374, 15260, '2017-03-01', 2),
(1375, 5905, '2017-08-01', 7),
(1376, 7769, '2017-05-01', 2),
(1377, 15246, '2017-03-01', 1),
(1378, 22531, '2017-06-01', 1),
(1379, 15254, '2017-06-01', 1),
(1380, 18848, '2017-04-01', 2),
(1381, 10434, '2017-02-01', 1),
(1382, 12202, '2017-01-01', 1),
(1383, 22848, '2017-02-01', 1),
(1384, 22616, '2017-03-01', 2),
(1385, 22514, '2017-02-01', 2),
(1386, 22513, '2017-09-01', 3),
(1387, 12195, '2017-06-01', 1),
(1388, 22616, '2017-04-01', 2),
(1389, 15254, '2017-03-01', 5),
(1390, 18845, '2017-01-01', 3),
(1391, 22848, '2017-01-01', 2),
(1392, 15246, '2017-04-01', 10),
(1393, 22607, '2017-12-01', 17),
(1394, 18854, '2017-02-01', 2),
(1395, 22848, '2017-01-01', 6),
(1396, 15246, '2017-03-01', 2),
(1397, 22514, '2017-02-01', 2),
(1398, 12202, '2017-03-01', 2),
(1399, 5905, '2017-05-01', 2),
(1400, 18846, '2017-01-01', 3),
(1401, 10002, '2017-05-01', 2),
(1402, 10434, '2017-03-01', 15),
(1403, 5905, '2017-08-01', 14),
(1404, 9671, '2017-10-01', 2),
(1405, 7766, '2017-07-01', 1),
(1406, 22577, '2017-07-01', 1),
(1407, 24622, '2017-05-01', 6),
(1408, 22617, '2017-06-01', 2),
(1409, 5898, '2017-07-01', 2),
(1410, 15254, '2017-07-01', 8),
(1411, 12213, '2017-03-01', 5),
(1412, 12195, '2017-05-01', 1),
(1413, 7327, '2017-03-01', 8),
(1414, 9886, '2017-03-01', 2),
(1415, 13981, '2017-08-01', 1),
(1416, 15258, '2017-07-01', 2),
(1417, 15254, '2017-05-01', 4),
(1418, 12213, '2017-03-01', 3),
(1419, 7763, '2017-07-01', 1),
(1420, 7769, '2017-02-01', 11),
(1421, 18852, '2017-05-01', 4),
(1422, 18867, '2017-02-01', 6),
(1423, 18867, '2017-02-01', 2),
(1424, 22561, '2017-01-01', 6),
(1425, 22617, '2017-04-01', 2),
(1426, 22561, '2017-03-01', 2),
(1427, 22531, '2017-06-01', 4),
(1428, 9671, '2017-10-01', 4),
(1429, 18857, '2017-09-01', 9),
(1430, 22601, '2017-03-01', 1),
(1431, 5905, '2017-06-01', 35),
(1432, 22848, '2017-03-01', 4),
(1433, 18849, '2017-02-01', 1),
(1434, 11165, '2017-08-01', 1),
(1435, 9652, '2017-02-01', 2),
(1436, 7762, '2017-04-01', 1),
(1437, 11165, '2017-10-01', 2),
(1438, 22616, '2017-03-01', 1),
(1439, 22607, '2017-12-01', 2),
(1440, 11165, '2017-08-01', 3),
(1441, 18863, '2017-01-01', 1),
(1442, 22514, '2017-02-01', 2),
(1443, 12992, '2017-11-01', 1),
(1444, 22617, '2017-05-01', 2),
(1445, 12992, '2017-09-01', 1),
(1446, 15258, '2017-05-01', 1),
(1447, 15258, '2017-04-01', 3),
(1448, 7762, '2017-05-01', 8),
(1449, 9673, '2017-06-01', 1),
(1450, 10434, '2017-04-01', 1),
(1451, 7327, '2017-03-01', 2),
(1452, 17919, '2017-06-01', 7),
(1453, 22516, '2017-06-01', 4),
(1454, 13981, '2017-09-01', 1),
(1455, 13981, '2017-09-01', 1),
(1456, 15258, '2017-05-01', 1),
(1457, 24622, '2017-02-01', 1),
(1458, 22577, '2017-07-01', 2),
(1459, 22601, '2017-03-01', 6),
(1460, 15258, '2017-04-01', 1),
(1461, 12202, '2017-04-01', 1),
(1462, 18846, '2017-01-01', 2),
(1463, 15254, '2017-08-01', 6),
(1464, 7762, '2017-04-01', 1),
(1465, 9652, '2017-02-01', 1),
(1466, 9671, '2017-10-01', 2),
(1467, 8095, '2017-08-01', 1),
(1468, 22523, '2017-08-01', 2),
(1469, 15260, '2017-07-01', 6),
(1470, 22513, '2017-11-01', 40),
(1471, 12202, '2017-03-01', 1),
(1472, 15258, '2017-06-01', 2),
(1473, 22524, '2017-06-01', 9),
(1474, 15254, '2017-01-01', 6),
(1475, 9671, '2017-10-01', 1),
(1476, 3667, '2017-03-01', 1),
(1477, 22607, '2017-12-01', 1),
(1478, 10002, '2017-01-01', 1),
(1479, 18858, '2017-04-01', 2),
(1480, 7763, '2017-08-01', 6),
(1481, 7327, '2017-03-01', 1),
(1482, 22601, '2017-03-01', 1),
(1483, 12201, '2017-01-01', 24),
(1484, 18854, '2017-02-01', 6),
(1485, 15258, '2017-04-01', 1),
(1486, 22561, '2017-01-01', 1),
(1487, 22531, '2017-06-01', 1),
(1488, 22617, '2017-05-01', 7),
(1489, 11237, '2017-03-01', 1),
(1490, 15246, '2017-02-01', 1),
(1491, 22524, '2017-07-01', 1),
(1492, 22617, '2017-06-01', 2),
(1493, 22616, '2017-05-01', 2),
(1494, 21125, '2017-02-01', 1),
(1495, 21125, '2017-02-01', 2),
(1496, 22524, '2017-03-01', 1),
(1497, 18867, '2017-02-01', 1),
(1498, 22607, '2017-12-01', 1),
(1499, 18852, '2017-07-01', 1),
(1500, 22516, '2017-06-01', 3),
(1501, 22524, '2017-07-01', 7),
(1502, 12992, '2017-10-01', 2),
(1503, 10434, '2017-05-01', 12),
(1504, 18848, '2017-04-01', 7),
(1505, 22561, '2017-01-01', 2),
(1506, 22848, '2017-03-01', 27),
(1507, 10002, '2017-02-01', 1),
(1508, 15246, '2017-02-01', 11),
(1509, 5905, '2017-05-01', 15),
(1510, 12992, '2017-11-01', 2),
(1511, 22524, '2017-03-01', 1),
(1512, 12213, '2017-02-01', 4),
(1513, 15254, '2017-07-01', 4),
(1514, 7327, '2017-03-01', 1),
(1515, 9886, '2017-03-01', 4),
(1516, 22514, '2017-02-01', 12),
(1517, 12195, '2017-04-01', 2),
(1518, 11165, '2017-11-01', 3),
(1519, 10434, '2017-04-01', 15),
(1520, 15254, '2017-06-01', 1),
(1521, 18854, '2017-02-01', 12),
(1522, 15258, '2017-06-01', 2),
(1523, 22601, '2017-02-01', 42),
(1524, 9886, '2017-03-01', 4),
(1525, 7766, '2017-10-01', 8),
(1526, 9673, '2017-06-01', 6),
(1527, 15246, '2017-04-01', 2),
(1528, 15254, '2017-06-01', 2),
(1529, 22524, '2017-03-01', 4),
(1530, 18860, '2017-02-01', 7),
(1531, 9673, '2017-06-01', 18),
(1532, 15258, '2017-08-01', 1),
(1533, 22513, '2017-10-01', 1),
(1534, 18849, '2017-03-01', 6),
(1535, 22523, '2017-07-01', 29),
(1536, 18863, '2017-02-01', 7),
(1537, 22531, '2017-06-01', 11),
(1538, 7769, '2017-03-01', 1),
(1539, 10434, '2017-03-01', 1),
(1540, 22601, '2017-03-01', 54),
(1541, 22607, '2017-12-01', 1),
(1542, 22617, '2017-07-01', 4),
(1543, 18845, '2017-02-01', 3),
(1544, 12213, '2017-02-01', 2),
(1545, 5905, '2017-07-01', 1),
(1546, 15258, '2017-07-01', 3),
(1547, 22577, '2017-06-01', 1),
(1548, 22523, '2017-06-01', 3),
(1549, 18858, '2017-06-01', 1),
(1550, 15260, '2017-08-01', 1),
(1551, 22561, '2017-03-01', 9),
(1552, 12992, '2017-10-01', 15),
(1553, 15258, '2017-05-01', 2),
(1554, 12992, '2017-11-01', 2),
(1555, 22524, '2017-07-01', 2),
(1556, 22561, '2017-03-01', 2),
(1557, 22616, '2017-04-01', 1),
(1558, 22617, '2017-09-01', 1),
(1559, 22577, '2017-06-01', 1),
(1560, 7769, '2017-03-01', 15),
(1561, 15260, '2017-08-01', 2),
(1562, 12992, '2017-09-01', 2),
(1563, 18867, '2017-02-01', 1),
(1564, 22581, '2017-06-01', 2),
(1565, 11165, '2017-09-01', 3),
(1566, 24622, '2017-04-01', 2),
(1567, 18852, '2017-06-01', 2),
(1568, 11237, '2017-03-01', 2),
(1569, 15257, '2017-02-01', 1),
(1570, 5905, '2017-05-01', 8),
(1571, 18845, '2017-01-01', 2),
(1572, 22848, '2017-02-01', 15),
(1573, 12992, '2017-12-01', 1),
(1574, 13981, '2017-07-01', 1),
(1575, 22560, '2017-05-01', 1),
(1576, 3667, '2017-03-01', 9),
(1577, 18852, '2017-06-01', 1),
(1578, 18852, '2017-06-01', 50),
(1579, 11237, '2017-04-01', 2),
(1580, 18858, '2017-04-01', 19),
(1581, 18860, '2017-01-01', 1),
(1582, 7763, '2017-11-01', 5),
(1583, 22531, '2017-06-01', 2),
(1584, 18845, '2017-01-01', 8),
(1585, 22523, '2017-09-01', 1),
(1586, 11237, '2017-08-01', 1),
(1587, 21125, '2017-02-01', 2),
(1588, 7766, '2017-07-01', 1),
(1589, 22561, '2017-02-01', 3),
(1590, 11165, '2017-11-01', 2),
(1591, 15254, '2017-02-01', 1),
(1592, 7763, '2017-10-01', 1),
(1593, 15254, '2017-01-01', 1),
(1594, 7766, '2017-07-01', 9),
(1595, 22617, '2017-04-01', 3),
(1596, 22561, '2017-04-01', 3),
(1597, 7766, '2017-08-01', 4),
(1598, 15260, '2017-06-01', 3),
(1599, 5905, '2017-06-01', 2),
(1600, 12213, '2017-04-01', 8),
(1601, 15246, '2017-03-01', 1),
(1602, 9673, '2017-06-01', 5),
(1603, 11237, '2017-03-01', 1),
(1604, 7327, '2017-03-01', 5),
(1605, 5905, '2017-09-01', 1),
(1606, 10434, '2017-03-01', 2),
(1607, 15254, '2017-07-01', 1),
(1608, 15254, '2017-07-01', 1),
(1609, 22616, '2017-05-01', 1),
(1610, 18860, '2017-03-01', 2),
(1611, 22616, '2017-04-01', 2),
(1612, 7327, '2017-03-01', 1),
(1613, 22561, '2017-04-01', 1),
(1614, 24622, '2017-04-01', 6),
(1615, 18852, '2017-07-01', 32),
(1616, 22561, '2017-02-01', 1),
(1617, 15254, '2017-02-01', 3),
(1618, 9695, '2017-02-01', 1),
(1619, 1832, '2017-06-01', 2),
(1620, 22516, '2017-07-01', 2),
(1621, 7769, '2017-01-01', 2),
(1622, 22848, '2017-02-01', 4),
(1623, 22617, '2017-09-01', 2),
(1624, 22516, '2017-08-01', 4),
(1625, 22617, '2017-07-01', 3),
(1626, 12992, '2017-10-01', 37),
(1627, 22516, '2017-08-01', 5),
(1628, 22516, '2017-06-01', 5),
(1629, 18860, '2017-01-01', 2),
(1630, 18852, '2017-07-01', 3),
(1631, 7766, '2017-08-01', 1),
(1632, 18857, '2017-10-01', 1),
(1633, 7766, '2017-10-01', 1),
(1634, 9671, '2017-10-01', 36),
(1635, 24622, '2017-05-01', 1),
(1636, 18845, '2017-03-01', 33),
(1637, 12202, '2017-06-01', 1),
(1638, 18846, '2017-01-01', 8),
(1639, 15246, '2017-08-01', 1),
(1640, 18854, '2017-03-01', 2),
(1641, 9695, '2017-03-01', 4),
(1642, 22561, '2017-03-01', 1),
(1643, 15254, '2017-07-01', 4),
(1644, 1832, '2017-06-01', 2),
(1645, 22523, '2017-11-01', 2),
(1646, 12210, '2017-03-01', 1),
(1647, 18867, '2017-02-01', 18),
(1648, 12992, '2017-12-01', 1),
(1649, 8095, '2017-08-01', 36),
(1650, 22581, '2017-08-01', 1),
(1651, 5905, '2017-07-01', 1),
(1652, 3667, '2017-01-01', 1),
(1653, 12992, '2017-10-01', 2),
(1654, 22561, '2017-02-01', 1),
(1655, 22848, '2017-04-01', 3),
(1656, 22848, '2017-03-01', 33),
(1657, 15258, '2017-12-01', 5),
(1658, 22561, '2017-01-01', 2),
(1659, 18867, '2017-03-01', 1),
(1660, 12202, '2017-04-01', 1),
(1661, 8095, '2017-07-01', 34),
(1662, 12202, '2017-04-01', 1),
(1663, 15258, '2017-06-01', 3),
(1664, 12201, '2017-03-01', 26),
(1665, 15260, '2017-06-01', 2),
(1666, 22560, '2017-06-01', 4),
(1667, 7769, '2017-04-01', 16),
(1668, 15246, '2017-04-01', 1),
(1669, 7766, '2017-09-01', 1),
(1670, 15246, '2017-07-01', 2),
(1671, 10434, '2017-04-01', 1),
(1672, 15257, '2017-03-01', 1),
(1673, 18860, '2017-03-01', 9),
(1674, 5905, '2017-09-01', 10),
(1675, 15246, '2017-05-01', 12),
(1676, 7766, '2017-11-01', 1),
(1677, 22617, '2017-08-01', 1),
(1678, 9371, '2017-04-01', 1),
(1679, 9673, '2017-06-01', 1),
(1680, 22521, '2017-03-01', 2),
(1681, 12202, '2017-04-01', 3),
(1682, 7763, '2017-12-01', 1),
(1683, 12992, '2017-11-01', 1),
(1684, 3667, '2017-01-01', 1),
(1685, 18858, '2017-03-01', 1),
(1686, 7762, '2017-05-01', 3),
(1687, 7766, '2017-11-01', 2),
(1688, 12202, '2017-05-01', 8),
(1689, 22601, '2017-01-01', 33),
(1690, 24621, '2017-09-01', 8),
(1691, 22516, '2017-08-01', 3),
(1692, 22607, '2017-12-01', 1),
(1693, 22513, '2017-11-01', 1),
(1694, 18848, '2017-03-01', 3),
(1695, 15246, '2017-07-01', 1),
(1696, 12202, '2017-01-01', 1),
(1697, 18845, '2017-04-01', 2),
(1698, 22848, '2017-02-01', 25),
(1699, 18854, '2017-03-01', 8),
(1700, 7762, '2017-05-01', 1),
(1701, 18860, '2017-04-01', 5),
(1702, 18845, '2017-02-01', 21),
(1703, 5898, '2017-09-01', 2),
(1704, 7766, '2017-09-01', 3),
(1705, 7769, '2017-02-01', 2),
(1706, 18854, '2017-03-01', 1),
(1707, 9886, '2017-04-01', 20);
INSERT INTO `funds` (`id_funds`, `idDeputado`, `dataReferencia`, `amount`) VALUES
(1708, 15254, '2017-04-01', 1),
(1709, 22617, '2017-04-01', 6),
(1710, 22523, '2017-07-01', 1),
(1711, 15254, '2017-02-01', 5),
(1712, 7752, '2017-06-01', 1),
(1713, 12202, '2017-01-01', 1),
(1714, 15246, '2017-08-01', 1),
(1715, 3667, '2017-01-01', 3),
(1716, 18845, '2017-03-01', 2),
(1717, 10002, '2017-03-01', 1),
(1718, 10002, '2017-04-01', 24),
(1719, 18848, '2017-04-01', 17),
(1720, 9695, '2017-02-01', 5),
(1721, 7766, '2017-10-01', 7),
(1722, 7752, '2017-06-01', 1),
(1723, 17919, '2017-06-01', 2),
(1724, 24622, '2017-06-01', 2),
(1725, 12195, '2017-05-01', 3),
(1726, 12201, '2017-03-01', 1),
(1727, 12195, '2017-06-01', 1),
(1728, 10002, '2017-05-01', 1),
(1729, 12210, '2017-04-01', 2),
(1730, 7327, '2017-04-01', 1),
(1731, 12202, '2017-04-01', 1),
(1732, 18858, '2017-04-01', 2),
(1733, 18857, '2017-10-01', 31),
(1734, 7766, '2017-08-01', 8),
(1735, 22581, '2017-06-01', 3),
(1736, 21125, '2017-03-01', 2),
(1737, 18853, '2017-04-01', 8),
(1738, 7327, '2017-04-01', 2),
(1739, 18858, '2017-06-01', 1),
(1740, 22848, '2017-02-01', 1),
(1741, 22523, '2017-07-01', 2),
(1742, 1832, '2017-03-01', 6),
(1743, 12992, '2017-10-01', 1),
(1744, 22523, '2017-08-01', 1),
(1745, 15258, '2017-11-01', 1),
(1746, 22524, '2017-07-01', 3),
(1747, 22617, '2017-04-01', 2),
(1748, 22848, '2017-01-01', 1),
(1749, 21125, '2017-01-01', 2),
(1750, 15246, '2017-05-01', 2),
(1751, 12213, '2017-04-01', 23),
(1752, 18848, '2017-03-01', 2),
(1753, 15260, '2017-06-01', 1),
(1754, 8095, '2017-07-01', 1),
(1755, 12202, '2017-02-01', 1),
(1756, 15257, '2017-02-01', 1),
(1757, 7769, '2017-02-01', 2),
(1758, 7766, '2017-08-01', 1),
(1759, 18857, '2017-10-01', 2),
(1760, 15257, '2017-03-01', 1),
(1761, 9371, '2017-05-01', 1),
(1762, 22617, '2017-05-01', 1),
(1763, 5898, '2017-10-01', 2),
(1764, 10002, '2017-02-01', 1),
(1765, 22524, '2017-03-01', 8),
(1766, 18857, '2017-10-01', 1),
(1767, 8095, '2017-10-01', 42),
(1768, 15254, '2017-08-01', 1),
(1769, 7769, '2017-06-01', 27),
(1770, 18860, '2017-01-01', 6),
(1771, 12201, '2017-02-01', 1),
(1772, 22531, '2017-07-01', 1),
(1773, 12195, '2017-05-01', 4),
(1774, 12992, '2017-09-01', 1),
(1775, 3667, '2017-03-01', 3),
(1776, 22523, '2017-07-01', 1),
(1777, 22617, '2017-07-01', 1),
(1778, 22581, '2017-08-01', 2),
(1779, 7766, '2017-10-01', 2),
(1780, 11237, '2017-08-01', 1),
(1781, 24622, '2017-05-01', 2),
(1782, 18867, '2017-03-01', 1),
(1783, 15254, '2017-09-01', 1),
(1784, 7766, '2017-09-01', 9),
(1785, 11237, '2017-10-01', 1),
(1786, 11165, '2017-11-01', 1),
(1787, 18858, '2017-03-01', 1),
(1788, 15260, '2017-08-01', 12),
(1789, 12213, '2017-03-01', 1),
(1790, 24621, '2017-09-01', 2),
(1791, 8095, '2017-10-01', 1),
(1792, 22617, '2017-07-01', 2),
(1793, 22516, '2017-09-01', 32),
(1794, 7769, '2017-06-01', 7),
(1795, 17919, '2017-06-01', 25),
(1796, 3667, '2017-03-01', 1),
(1797, 22516, '2017-09-01', 1),
(1798, 22524, '2017-05-01', 10),
(1799, 21125, '2017-04-01', 2),
(1800, 22516, '2017-09-01', 1),
(1801, 18848, '2017-03-01', 6),
(1802, 12195, '2017-05-01', 11),
(1803, 7766, '2017-09-01', 1),
(1804, 18852, '2017-06-01', 1),
(1805, 8095, '2017-08-01', 1),
(1806, 22848, '2017-05-01', 1),
(1807, 12992, '2017-11-01', 23),
(1808, 18857, '2017-11-01', 2),
(1809, 18854, '2017-03-01', 3),
(1810, 22523, '2017-08-01', 26),
(1811, 18845, '2017-04-01', 5),
(1812, 15254, '2017-08-01', 4),
(1813, 18863, '2017-02-01', 1),
(1814, 5898, '2017-09-01', 13),
(1815, 15260, '2017-05-01', 5),
(1816, 15257, '2017-03-01', 2),
(1817, 10434, '2017-04-01', 2),
(1818, 9371, '2017-06-01', 1),
(1819, 12213, '2017-04-01', 5),
(1820, 22601, '2017-02-01', 4),
(1821, 18854, '2017-03-01', 1),
(1822, 13981, '2017-10-01', 1),
(1823, 13981, '2017-10-01', 1),
(1824, 18867, '2017-01-01', 2),
(1825, 7766, '2017-09-01', 1),
(1826, 3667, '2017-01-01', 6),
(1827, 22524, '2017-04-01', 4),
(1828, 22521, '2017-03-01', 1),
(1829, 18854, '2017-03-01', 1),
(1830, 22521, '2017-03-01', 2),
(1831, 12210, '2017-03-01', 1),
(1832, 22577, '2017-07-01', 1),
(1833, 11237, '2017-06-01', 1),
(1834, 15254, '2017-04-01', 3),
(1835, 22524, '2017-03-01', 1),
(1836, 5905, '2017-06-01', 13),
(1837, 8095, '2017-11-01', 2),
(1838, 15258, '2017-10-01', 1),
(1839, 15254, '2017-03-01', 1),
(1840, 7763, '2017-09-01', 1),
(1841, 11237, '2017-03-01', 1),
(1842, 10002, '2017-03-01', 1),
(1843, 22531, '2017-07-01', 3),
(1844, 11165, '2017-09-01', 1),
(1845, 18852, '2017-10-01', 26),
(1846, 18845, '2017-06-01', 2),
(1847, 12213, '2017-04-01', 2),
(1848, 22601, '2017-01-01', 3),
(1849, 7769, '2017-02-01', 1),
(1850, 22516, '2017-08-01', 1),
(1851, 5905, '2017-08-01', 1),
(1852, 22617, '2017-08-01', 2),
(1853, 9695, '2017-05-01', 1),
(1854, 24621, '2017-09-01', 1),
(1855, 15260, '2017-05-01', 2),
(1856, 18863, '2017-01-01', 1),
(1857, 22848, '2017-05-01', 2),
(1858, 10002, '2017-06-01', 1),
(1859, 15260, '2017-07-01', 2),
(1860, 15254, '2017-05-01', 2),
(1861, 22848, '2017-02-01', 1),
(1862, 18867, '2017-03-01', 49),
(1863, 18846, '2017-01-01', 7),
(1864, 15245, '2017-03-01', 17),
(1865, 9695, '2017-03-01', 2),
(1866, 22601, '2017-01-01', 1),
(1867, 22561, '2017-02-01', 3),
(1868, 22577, '2017-06-01', 2),
(1869, 18867, '2017-01-01', 4),
(1870, 18848, '2017-03-01', 18),
(1871, 12195, '2017-05-01', 1),
(1872, 9695, '2017-03-01', 1),
(1873, 18860, '2017-05-01', 2),
(1874, 22516, '2017-09-01', 10),
(1875, 22531, '2017-07-01', 2),
(1876, 18857, '2017-12-01', 2),
(1877, 12201, '2017-02-01', 26),
(1878, 11237, '2017-06-01', 2),
(1879, 15254, '2017-03-01', 4),
(1880, 18860, '2017-01-01', 2),
(1881, 3667, '2017-02-01', 16),
(1882, 18863, '2017-02-01', 1),
(1883, 3667, '2017-02-01', 5),
(1884, 22617, '2017-09-01', 2),
(1885, 7766, '2017-10-01', 2),
(1886, 18848, '2017-03-01', 3),
(1887, 15257, '2017-03-01', 2),
(1888, 22848, '2017-06-01', 27),
(1889, 22560, '2017-06-01', 1),
(1890, 1832, '2017-05-01', 39),
(1891, 18857, '2017-11-01', 6),
(1892, 5905, '2017-08-01', 1),
(1893, 18860, '2017-01-01', 8),
(1894, 15258, '2017-11-01', 1),
(1895, 12201, '2017-05-01', 1),
(1896, 12201, '2017-01-01', 1),
(1897, 12202, '2017-03-01', 1),
(1898, 15260, '2017-07-01', 1),
(1899, 11237, '2017-11-01', 1),
(1900, 22848, '2017-06-01', 3),
(1901, 11165, '2017-10-01', 1),
(1902, 22617, '2017-09-01', 4),
(1903, 8095, '2017-09-01', 1),
(1904, 7763, '2017-12-01', 1),
(1905, 22617, '2017-06-01', 1),
(1906, 7766, '2017-10-01', 8),
(1907, 18858, '2017-03-01', 7),
(1908, 5905, '2017-09-01', 1),
(1909, 5898, '2017-11-01', 2),
(1910, 22513, '2017-11-01', 3),
(1911, 22521, '2017-04-01', 1),
(1912, 18852, '2017-08-01', 1),
(1913, 7769, '2017-03-01', 2),
(1914, 22581, '2017-08-01', 2),
(1915, 15260, '2017-07-01', 2),
(1916, 21125, '2017-05-01', 1),
(1917, 12213, '2017-04-01', 1),
(1918, 18867, '2017-01-01', 1),
(1919, 15260, '2017-06-01', 2),
(1920, 10002, '2017-04-01', 1),
(1921, 9695, '2017-05-01', 2),
(1922, 5905, '2017-06-01', 1),
(1923, 9371, '2017-07-01', 3),
(1924, 15260, '2017-04-01', 1),
(1925, 15260, '2017-06-01', 2),
(1926, 15254, '2017-03-01', 1),
(1927, 22523, '2017-10-01', 1),
(1928, 18867, '2017-04-01', 2),
(1929, 15254, '2017-09-01', 5),
(1930, 21125, '2017-03-01', 1),
(1931, 12201, '2017-05-01', 1),
(1932, 1832, '2017-04-01', 1),
(1933, 12202, '2017-02-01', 6),
(1934, 22524, '2017-09-01', 2),
(1935, 22577, '2017-08-01', 1),
(1936, 5898, '2017-10-01', 2),
(1937, 18852, '2017-08-01', 6),
(1938, 12202, '2017-03-01', 1),
(1939, 15258, '2017-11-01', 1),
(1940, 18854, '2017-03-01', 4),
(1941, 18845, '2017-05-01', 2),
(1942, 18860, '2017-03-01', 7),
(1943, 7769, '2017-03-01', 6),
(1944, 22561, '2017-02-01', 1),
(1945, 22523, '2017-10-01', 3),
(1946, 15254, '2017-06-01', 1),
(1947, 22523, '2017-08-01', 1),
(1948, 1832, '2017-04-01', 8),
(1949, 22513, '2017-11-01', 7),
(1950, 12202, '2017-05-01', 1),
(1951, 15258, '2017-09-01', 4),
(1952, 12992, '2017-09-01', 1),
(1953, 15260, '2017-06-01', 7),
(1954, 15260, '2017-04-01', 5),
(1955, 18849, '2017-03-01', 1),
(1956, 9695, '2017-03-01', 2),
(1957, 7766, '2017-12-01', 1),
(1958, 18860, '2017-02-01', 2),
(1959, 22515, '2017-01-01', 1),
(1960, 18845, '2017-06-01', 5),
(1961, 18860, '2017-02-01', 2),
(1962, 22531, '2017-09-01', 1),
(1963, 18858, '2017-04-01', 1),
(1964, 1832, '2017-07-01', 2),
(1965, 18846, '2017-01-01', 2),
(1966, 5905, '2017-09-01', 4),
(1967, 22848, '2017-06-01', 5),
(1968, 7763, '2017-10-01', 1),
(1969, 3667, '2017-03-01', 1),
(1970, 15258, '2017-12-01', 1),
(1971, 22616, '2017-06-01', 11),
(1972, 15246, '2017-05-01', 1),
(1973, 15260, '2017-07-01', 1),
(1974, 1832, '2017-07-01', 49),
(1975, 22531, '2017-08-01', 1),
(1976, 18860, '2017-04-01', 8),
(1977, 12195, '2017-06-01', 38),
(1978, 22581, '2017-08-01', 1),
(1979, 15258, '2017-10-01', 7),
(1980, 9695, '2017-04-01', 1),
(1981, 22524, '2017-09-01', 7),
(1982, 22515, '2017-01-01', 1),
(1983, 18860, '2017-03-01', 3),
(1984, 12201, '2017-02-01', 1),
(1985, 15258, '2017-11-01', 6),
(1986, 7769, '2017-04-01', 2),
(1987, 22601, '2017-02-01', 1),
(1988, 5898, '2017-10-01', 16),
(1989, 5905, '2017-09-01', 33),
(1990, 5905, '2017-08-01', 36),
(1991, 18860, '2017-04-01', 1),
(1992, 22531, '2017-09-01', 10),
(1993, 18845, '2017-03-01', 1),
(1994, 18848, '2017-04-01', 5),
(1995, 18848, '2017-03-01', 1),
(1996, 22516, '2017-07-01', 11),
(1997, 22523, '2017-11-01', 1),
(1998, 10002, '2017-05-01', 20),
(1999, 15260, '2017-09-01', 7),
(2000, 9673, '2017-07-01', 2),
(2001, 12202, '2017-04-01', 10),
(2002, 22616, '2017-05-01', 16),
(2003, 7327, '2017-04-01', 1),
(2004, 22577, '2017-09-01', 1),
(2005, 5898, '2017-12-01', 1),
(2006, 21125, '2017-02-01', 1),
(2007, 22616, '2017-05-01', 2),
(2008, 11237, '2017-05-01', 2),
(2009, 15260, '2017-04-01', 2),
(2010, 11237, '2017-05-01', 1),
(2011, 15260, '2017-09-01', 2),
(2012, 15258, '2017-08-01', 3),
(2013, 18860, '2017-03-01', 2),
(2014, 18867, '2017-04-01', 5),
(2015, 22601, '2017-03-01', 1),
(2016, 9671, '2017-12-01', 18),
(2017, 18867, '2017-03-01', 2),
(2018, 7752, '2017-06-01', 2),
(2019, 8095, '2017-08-01', 1),
(2020, 15254, '2017-04-01', 5),
(2021, 22516, '2017-07-01', 1),
(2022, 2267, '2017-04-01', 2),
(2023, 18857, '2017-10-01', 6),
(2024, 15260, '2017-04-01', 9),
(2025, 18848, '2017-05-01', 2),
(2026, 12213, '2017-05-01', 18),
(2027, 7327, '2017-05-01', 1),
(2028, 18860, '2017-01-01', 2),
(2029, 12202, '2017-05-01', 1),
(2030, 18858, '2017-05-01', 27),
(2031, 3667, '2017-02-01', 1),
(2032, 12992, '2017-11-01', 2),
(2033, 12213, '2017-05-01', 2),
(2034, 7769, '2017-05-01', 13),
(2035, 18857, '2017-12-01', 40),
(2036, 10434, '2017-04-01', 6),
(2037, 22577, '2017-09-01', 2),
(2038, 12195, '2017-06-01', 2),
(2039, 9652, '2017-04-01', 59),
(2040, 5905, '2017-10-01', 9),
(2041, 22531, '2017-07-01', 12),
(2042, 9695, '2017-02-01', 7),
(2043, 7766, '2017-10-01', 1),
(2044, 22516, '2017-08-01', 25),
(2045, 15260, '2017-08-01', 5),
(2046, 3667, '2017-04-01', 1),
(2047, 12195, '2017-08-01', 3),
(2048, 5898, '2017-12-01', 14),
(2049, 7327, '2017-04-01', 1),
(2050, 24621, '2017-10-01', 10),
(2051, 18852, '2017-09-01', 2),
(2052, 22524, '2017-04-01', 1),
(2053, 22524, '2017-07-01', 6),
(2054, 22577, '2017-08-01', 2),
(2055, 5898, '2017-09-01', 1),
(2056, 1832, '2017-03-01', 35),
(2057, 22524, '2017-06-01', 7),
(2058, 22617, '2017-06-01', 5),
(2059, 15254, '2017-07-01', 1),
(2060, 22848, '2017-03-01', 1),
(2061, 15265, '2017-02-01', 1),
(2062, 7327, '2017-05-01', 1),
(2063, 9695, '2017-04-01', 1),
(2064, 15254, '2017-05-01', 4),
(2065, 21125, '2017-03-01', 1),
(2066, 12213, '2017-03-01', 5),
(2067, 18858, '2017-03-01', 1),
(2068, 9695, '2017-05-01', 5),
(2069, 18858, '2017-04-01', 7),
(2070, 7327, '2017-04-01', 1),
(2071, 3667, '2017-03-01', 17),
(2072, 11165, '2017-12-01', 2),
(2073, 24622, '2017-06-01', 31),
(2074, 7769, '2017-07-01', 5),
(2075, 12195, '2017-05-01', 39),
(2076, 12195, '2017-06-01', 2),
(2077, 9695, '2017-02-01', 1),
(2078, 13981, '2017-11-01', 1),
(2079, 13981, '2017-11-01', 1),
(2080, 18846, '2017-02-01', 11),
(2081, 5898, '2017-12-01', 2),
(2082, 22561, '2017-04-01', 9),
(2083, 18852, '2017-08-01', 36),
(2084, 12210, '2017-04-01', 3),
(2085, 15257, '2017-04-01', 2),
(2086, 9371, '2017-05-01', 3),
(2087, 18848, '2017-04-01', 17),
(2088, 15246, '2017-07-01', 2),
(2089, 21125, '2017-04-01', 1),
(2090, 12210, '2017-04-01', 5),
(2091, 1832, '2017-05-01', 2),
(2092, 3667, '2017-05-01', 4),
(2093, 22524, '2017-09-01', 1),
(2094, 12201, '2017-05-01', 1),
(2095, 9671, '2017-12-01', 1),
(2096, 7769, '2017-06-01', 1),
(2097, 12213, '2017-03-01', 11),
(2098, 22848, '2017-03-01', 1),
(2099, 15246, '2017-06-01', 1),
(2100, 12195, '2017-06-01', 2),
(2101, 12201, '2017-01-01', 1),
(2102, 22531, '2017-10-01', 1),
(2103, 21125, '2017-05-01', 2),
(2104, 17919, '2017-07-01', 1),
(2105, 24621, '2017-10-01', 1),
(2106, 21125, '2017-05-01', 2),
(2107, 2267, '2017-03-01', 1),
(2108, 22516, '2017-10-01', 1),
(2109, 18845, '2017-06-01', 22),
(2110, 15260, '2017-07-01', 8),
(2111, 12195, '2017-06-01', 3),
(2112, 12213, '2017-03-01', 29),
(2113, 18853, '2017-05-01', 6),
(2114, 9652, '2017-04-01', 1),
(2115, 22616, '2017-06-01', 2),
(2116, 22577, '2017-06-01', 2),
(2117, 21125, '2017-04-01', 1),
(2118, 18860, '2017-02-01', 9),
(2119, 12210, '2017-04-01', 1),
(2120, 12201, '2017-01-01', 1),
(2121, 7763, '2017-09-01', 8),
(2122, 8095, '2017-11-01', 30),
(2123, 22524, '2017-04-01', 1),
(2124, 7762, '2017-06-01', 2),
(2125, 5898, '2017-10-01', 2),
(2126, 12213, '2017-03-01', 2),
(2127, 18849, '2017-03-01', 2),
(2128, 12195, '2017-08-01', 1),
(2129, 18852, '2017-07-01', 4),
(2130, 22561, '2017-03-01', 3),
(2131, 10434, '2017-06-01', 33),
(2132, 12992, '2017-12-01', 28),
(2133, 18858, '2017-05-01', 8),
(2134, 15260, '2017-05-01', 5),
(2135, 7766, '2017-12-01', 4),
(2136, 22531, '2017-09-01', 1),
(2137, 18852, '2017-09-01', 1),
(2138, 12213, '2017-04-01', 4),
(2139, 15246, '2017-08-01', 21),
(2140, 22561, '2017-05-01', 1),
(2141, 9695, '2017-04-01', 13),
(2142, 22561, '2017-05-01', 4),
(2143, 5905, '2017-07-01', 35),
(2144, 15260, '2017-09-01', 1),
(2145, 22581, '2017-09-01', 1),
(2146, 9695, '2017-06-01', 2),
(2147, 22561, '2017-04-01', 1),
(2148, 5898, '2017-09-01', 2),
(2149, 22617, '2017-09-01', 1),
(2150, 15258, '2017-08-01', 2),
(2151, 18846, '2017-02-01', 10),
(2152, 10002, '2017-05-01', 2),
(2153, 12202, '2017-04-01', 4),
(2154, 18860, '2017-02-01', 2),
(2155, 12992, '2017-11-01', 11),
(2156, 9695, '2017-02-01', 1),
(2157, 15260, '2017-04-01', 1),
(2158, 17919, '2017-06-01', 1),
(2159, 22524, '2017-06-01', 1),
(2160, 22524, '2017-08-01', 3),
(2161, 9886, '2017-04-01', 1),
(2162, 5905, '2017-07-01', 8),
(2163, 8095, '2017-09-01', 24),
(2164, 12202, '2017-05-01', 1),
(2165, 18846, '2017-03-01', 13),
(2166, 12201, '2017-06-01', 1),
(2167, 12213, '2017-05-01', 9),
(2168, 5905, '2017-09-01', 1),
(2169, 7766, '2017-12-01', 4),
(2170, 15260, '2017-05-01', 2),
(2171, 22531, '2017-10-01', 2),
(2172, 15265, '2017-02-01', 4),
(2173, 22577, '2017-09-01', 1),
(2174, 22521, '2017-03-01', 1),
(2175, 22561, '2017-05-01', 1),
(2176, 18846, '2017-02-01', 12),
(2177, 22848, '2017-05-01', 6),
(2178, 18845, '2017-05-01', 3),
(2179, 11165, '2017-09-01', 2),
(2180, 22848, '2017-03-01', 4),
(2181, 7766, '2017-11-01', 1),
(2182, 15246, '2017-07-01', 18),
(2183, 22516, '2017-07-01', 4),
(2184, 15258, '2017-08-01', 4),
(2185, 18867, '2017-02-01', 1),
(2186, 8095, '2017-09-01', 1),
(2187, 18857, '2017-11-01', 1),
(2188, 15246, '2017-08-01', 2),
(2189, 11237, '2017-09-01', 1),
(2190, 12202, '2017-05-01', 1),
(2191, 10002, '2017-06-01', 15),
(2192, 15260, '2017-08-01', 1),
(2193, 18845, '2017-03-01', 5),
(2194, 1832, '2017-04-01', 32),
(2195, 5905, '2017-07-01', 11),
(2196, 11237, '2017-04-01', 1),
(2197, 15260, '2017-04-01', 1),
(2198, 18845, '2017-05-01', 3),
(2199, 15257, '2017-04-01', 1),
(2200, 22516, '2017-08-01', 3),
(2201, 18858, '2017-04-01', 2),
(2202, 11237, '2017-05-01', 2),
(2203, 11237, '2017-04-01', 1),
(2204, 22577, '2017-07-01', 1),
(2205, 9371, '2017-05-01', 1),
(2206, 22601, '2017-03-01', 2),
(2207, 15260, '2017-05-01', 2),
(2208, 10434, '2017-05-01', 12),
(2209, 22617, '2017-08-01', 11),
(2210, 12195, '2017-07-01', 2),
(2211, 9652, '2017-03-01', 4),
(2212, 18860, '2017-05-01', 2),
(2213, 2267, '2017-04-01', 39),
(2214, 18848, '2017-05-01', 1),
(2215, 18860, '2017-04-01', 2),
(2216, 18845, '2017-04-01', 23),
(2217, 18858, '2017-04-01', 1),
(2218, 5905, '2017-09-01', 8),
(2219, 7766, '2017-11-01', 1),
(2220, 15258, '2017-12-01', 1),
(2221, 22524, '2017-04-01', 1),
(2222, 12195, '2017-06-01', 9),
(2223, 21125, '2017-03-01', 1),
(2224, 22524, '2017-08-01', 7),
(2225, 22514, '2017-03-01', 2),
(2226, 22523, '2017-09-01', 2),
(2227, 22577, '2017-09-01', 3),
(2228, 22561, '2017-05-01', 7),
(2229, 7763, '2017-11-01', 1),
(2230, 9695, '2017-02-01', 1),
(2231, 18858, '2017-05-01', 1),
(2232, 7769, '2017-05-01', 10),
(2233, 22531, '2017-09-01', 1),
(2234, 9371, '2017-06-01', 20),
(2235, 11237, '2017-07-01', 1),
(2236, 12213, '2017-04-01', 1),
(2237, 22617, '2017-08-01', 3),
(2238, 22515, '2017-01-01', 13),
(2239, 15260, '2017-09-01', 8),
(2240, 22523, '2017-09-01', 1),
(2241, 22521, '2017-05-01', 1),
(2242, 20231, '2017-06-01', 1),
(2243, 12201, '2017-04-01', 1),
(2244, 18857, '2017-11-01', 2),
(2245, 15254, '2017-06-01', 4),
(2246, 9886, '2017-04-01', 2),
(2247, 22577, '2017-08-01', 2),
(2248, 18846, '2017-02-01', 2),
(2249, 3667, '2017-03-01', 3),
(2250, 18857, '2017-11-01', 32),
(2251, 18858, '2017-06-01', 6),
(2252, 11165, '2017-11-01', 1),
(2253, 18849, '2017-02-01', 1),
(2254, 18852, '2017-08-01', 3),
(2255, 18846, '2017-03-01', 9),
(2256, 12195, '2017-08-01', 48),
(2257, 9886, '2017-05-01', 28),
(2258, 10002, '2017-06-01', 1),
(2259, 12201, '2017-04-01', 1),
(2260, 3667, '2017-05-01', 3),
(2261, 15258, '2017-11-01', 5),
(2262, 22581, '2017-08-01', 1),
(2263, 22521, '2017-05-01', 6),
(2264, 18867, '2017-03-01', 1),
(2265, 12992, '2017-12-01', 2),
(2266, 18860, '2017-05-01', 1),
(2267, 22597, '2017-07-01', 12),
(2268, 18853, '2017-05-01', 7),
(2269, 22524, '2017-09-01', 3),
(2270, 9886, '2017-06-01', 2),
(2271, 7766, '2017-10-01', 2),
(2272, 10002, '2017-08-01', 1),
(2273, 10434, '2017-05-01', 1),
(2274, 7766, '2017-10-01', 2),
(2275, 9695, '2017-03-01', 16),
(2276, 15265, '2017-03-01', 2),
(2277, 22524, '2017-06-01', 6),
(2278, 22523, '2017-10-01', 1),
(2279, 15260, '2017-05-01', 5),
(2280, 7769, '2017-04-01', 2),
(2281, 22581, '2017-07-01', 24),
(2282, 22597, '2017-07-01', 24),
(2283, 22524, '2017-05-01', 4),
(2284, 9695, '2017-05-01', 2),
(2285, 18849, '2017-04-01', 1),
(2286, 9695, '2017-06-01', 1),
(2287, 22524, '2017-08-01', 1),
(2288, 18860, '2017-05-01', 6),
(2289, 9695, '2017-04-01', 5),
(2290, 21125, '2017-02-01', 1),
(2291, 11237, '2017-07-01', 1),
(2292, 11237, '2017-04-01', 2),
(2293, 7327, '2017-05-01', 2),
(2294, 9371, '2017-07-01', 1),
(2295, 22524, '2017-08-01', 1),
(2296, 18845, '2017-02-01', 2),
(2297, 18852, '2017-11-01', 1),
(2298, 1832, '2017-06-01', 42),
(2299, 9671, '2017-12-01', 1),
(2300, 22524, '2017-07-01', 3),
(2301, 18867, '2017-04-01', 1),
(2302, 22524, '2017-05-01', 1),
(2303, 22616, '2017-07-01', 2),
(2304, 22848, '2017-06-01', 18),
(2305, 15258, '2017-10-01', 5),
(2306, 3667, '2017-05-01', 1),
(2307, 15258, '2017-07-01', 7),
(2308, 18852, '2017-11-01', 3),
(2309, 22581, '2017-07-01', 2),
(2310, 10434, '2017-06-01', 15),
(2311, 22516, '2017-10-01', 8),
(2312, 15260, '2017-09-01', 2),
(2313, 11165, '2017-10-01', 3),
(2314, 18846, '2017-03-01', 1),
(2315, 9652, '2017-03-01', 1),
(2316, 11237, '2017-10-01', 1),
(2317, 18849, '2017-02-01', 4),
(2318, 18860, '2017-01-01', 1),
(2319, 15260, '2017-08-01', 2),
(2320, 22561, '2017-04-01', 1),
(2321, 18852, '2017-09-01', 2),
(2322, 1832, '2017-07-01', 2),
(2323, 22848, '2017-04-01', 2),
(2324, 15254, '2017-09-01', 4),
(2325, 18850, '2017-08-01', 9),
(2326, 22524, '2017-09-01', 1),
(2327, 13981, '2017-10-01', 1),
(2328, 11165, '2017-11-01', 1),
(2329, 3667, '2017-04-01', 4),
(2330, 15260, '2017-08-01', 4),
(2331, 18848, '2017-05-01', 3),
(2332, 12201, '2017-06-01', 2),
(2333, 7763, '2017-10-01', 1),
(2334, 18849, '2017-03-01', 1),
(2335, 22617, '2017-08-01', 4),
(2336, 18853, '2017-05-01', 21),
(2337, 11237, '2017-08-01', 2),
(2338, 22521, '2017-03-01', 1),
(2339, 18857, '2017-11-01', 2),
(2340, 18867, '2017-03-01', 4),
(2341, 18852, '2017-09-01', 3),
(2342, 11165, '2017-10-01', 1),
(2343, 15254, '2017-08-01', 5),
(2344, 15254, '2017-09-01', 1),
(2345, 12992, '2017-12-01', 8),
(2346, 18867, '2017-03-01', 2),
(2347, 7769, '2017-07-01', 5),
(2348, 18849, '2017-02-01', 4),
(2349, 22577, '2017-09-01', 2),
(2350, 17919, '2017-08-01', 2),
(2351, 7752, '2017-08-01', 1),
(2352, 15254, '2017-08-01', 1),
(2353, 18845, '2017-02-01', 3),
(2354, 16019, '2017-09-01', 1),
(2355, 18845, '2017-04-01', 3),
(2356, 7763, '2017-12-01', 1),
(2357, 15258, '2017-09-01', 1),
(2358, 22581, '2017-07-01', 6),
(2359, 11237, '2017-04-01', 1),
(2360, 22617, '2017-09-01', 1),
(2361, 7766, '2017-11-01', 1),
(2362, 22561, '2017-04-01', 1),
(2363, 1832, '2017-04-01', 2),
(2364, 22617, '2017-08-01', 2),
(2365, 10434, '2017-05-01', 2),
(2366, 22523, '2017-12-01', 1),
(2367, 10434, '2017-06-01', 1),
(2368, 9655, '2017-01-01', 6),
(2369, 13981, '2017-11-01', 2),
(2370, 11237, '2017-09-01', 2),
(2371, 17919, '2017-07-01', 2),
(2372, 15246, '2017-09-01', 6),
(2373, 17919, '2017-07-01', 20),
(2374, 12213, '2017-05-01', 2),
(2375, 7763, '2017-08-01', 1),
(2376, 22848, '2017-06-01', 1),
(2377, 18860, '2017-02-01', 3),
(2378, 10434, '2017-05-01', 1),
(2379, 9886, '2017-05-01', 1),
(2380, 18858, '2017-05-01', 2),
(2381, 18860, '2017-01-01', 2),
(2382, 18858, '2017-06-01', 41),
(2383, 11237, '2017-10-01', 2),
(2384, 9371, '2017-05-01', 17),
(2385, 11237, '2017-11-01', 2),
(2386, 11237, '2017-09-01', 1),
(2387, 1832, '2017-08-01', 2),
(2388, 11237, '2017-05-01', 1),
(2389, 15265, '2017-03-01', 8),
(2390, 22524, '2017-05-01', 1),
(2391, 12201, '2017-03-01', 1),
(2392, 9673, '2017-07-01', 24),
(2393, 18860, '2017-02-01', 2),
(2394, 15254, '2017-09-01', 1),
(2395, 15265, '2017-03-01', 27),
(2396, 7769, '2017-07-01', 2),
(2397, 2267, '2017-03-01', 50),
(2398, 12201, '2017-04-01', 1),
(2399, 12213, '2017-05-01', 3),
(2400, 18845, '2017-02-01', 4),
(2401, 9371, '2017-06-01', 1),
(2402, 18858, '2017-06-01', 2),
(2403, 9671, '2017-11-01', 1),
(2404, 9695, '2017-03-01', 2),
(2405, 22514, '2017-03-01', 2),
(2406, 11237, '2017-05-01', 1),
(2407, 18857, '2017-12-01', 5),
(2408, 7763, '2017-08-01', 1),
(2409, 18845, '2017-06-01', 3),
(2410, 18860, '2017-03-01', 4),
(2411, 9695, '2017-04-01', 1),
(2412, 18858, '2017-07-01', 7),
(2413, 18857, '2017-12-01', 4),
(2414, 15260, '2017-07-01', 1),
(2415, 18846, '2017-02-01', 1),
(2416, 18852, '2017-11-01', 1),
(2417, 15258, '2017-09-01', 5),
(2418, 10002, '2017-07-01', 1),
(2419, 15260, '2017-07-01', 1),
(2420, 22523, '2017-12-01', 12),
(2421, 7752, '2017-07-01', 2),
(2422, 22523, '2017-10-01', 24),
(2423, 15260, '2017-09-01', 4),
(2424, 22531, '2017-10-01', 1),
(2425, 9886, '2017-06-01', 4),
(2426, 18845, '2017-05-01', 26),
(2427, 15245, '2017-03-01', 1),
(2428, 9695, '2017-03-01', 1),
(2429, 1832, '2017-06-01', 7),
(2430, 9652, '2017-03-01', 59),
(2431, 11237, '2017-06-01', 1),
(2432, 13981, '2017-10-01', 2),
(2433, 5898, '2017-09-01', 2),
(2434, 15258, '2017-12-01', 1),
(2435, 7763, '2017-08-01', 2),
(2436, 18858, '2017-07-01', 1),
(2437, 15254, '2017-10-01', 3),
(2438, 15260, '2017-06-01', 8),
(2439, 9695, '2017-05-01', 18),
(2440, 7766, '2017-11-01', 1),
(2441, 10002, '2017-08-01', 24),
(2442, 18850, '2017-08-01', 24),
(2443, 22521, '2017-04-01', 25),
(2444, 15258, '2017-09-01', 2),
(2445, 9371, '2017-07-01', 1),
(2446, 11165, '2017-12-01', 2),
(2447, 15258, '2017-12-01', 8),
(2448, 22597, '2017-07-01', 1),
(2449, 9886, '2017-04-01', 4),
(2450, 18852, '2017-09-01', 48),
(2451, 13981, '2017-10-01', 1),
(2452, 15265, '2017-02-01', 2),
(2453, 7769, '2017-06-01', 2),
(2454, 22848, '2017-04-01', 24),
(2455, 12210, '2017-03-01', 3),
(2456, 22523, '2017-11-01', 1),
(2457, 9695, '2017-04-01', 2),
(2458, 18853, '2017-05-01', 2),
(2459, 8095, '2017-12-01', 1),
(2460, 18852, '2017-07-01', 5),
(2461, 12992, '2017-12-01', 2),
(2462, 12210, '2017-03-01', 5),
(2463, 5898, '2017-11-01', 3),
(2464, 22848, '2017-04-01', 2),
(2465, 3667, '2017-04-01', 1),
(2466, 7763, '2017-09-01', 1),
(2467, 24621, '2017-10-01', 14),
(2468, 22848, '2017-05-01', 1),
(2469, 12992, '2017-12-01', 1),
(2470, 22524, '2017-08-01', 10),
(2471, 7758, '2017-07-01', 1),
(2472, 7766, '2017-12-01', 1),
(2473, 8095, '2017-11-01', 1),
(2474, 12213, '2017-05-01', 2),
(2475, 11165, '2017-12-01', 2),
(2476, 22531, '2017-09-01', 1),
(2477, 9655, '2017-01-01', 11),
(2478, 12202, '2017-06-01', 7),
(2479, 22523, '2017-11-01', 29),
(2480, 9695, '2017-05-01', 1),
(2481, 11237, '2017-07-01', 2),
(2482, 7762, '2017-06-01', 1),
(2483, 9673, '2017-07-01', 1),
(2484, 15265, '2017-02-01', 1),
(2485, 21125, '2017-05-01', 1),
(2486, 18852, '2017-11-01', 3),
(2487, 12210, '2017-05-01', 1),
(2488, 18846, '2017-02-01', 12),
(2489, 18858, '2017-07-01', 1),
(2490, 11165, '2017-12-01', 1),
(2491, 11165, '2017-12-01', 1),
(2492, 18846, '2017-02-01', 1),
(2493, 11237, '2017-06-01', 1),
(2494, 22514, '2017-03-01', 1),
(2495, 10002, '2017-09-01', 1),
(2496, 7752, '2017-06-01', 2),
(2497, 18860, '2017-04-01', 2),
(2498, 12210, '2017-04-01', 1),
(2499, 12202, '2017-06-01', 1),
(2500, 5905, '2017-10-01', 34),
(2501, 7763, '2017-11-01', 1),
(2502, 9652, '2017-04-01', 3),
(2503, 22514, '2017-03-01', 17),
(2504, 22597, '2017-07-01', 1),
(2505, 22848, '2017-05-01', 5),
(2506, 11237, '2017-12-01', 2),
(2507, 24621, '2017-09-01', 8),
(2508, 18860, '2017-04-01', 2),
(2509, 9652, '2017-03-01', 1),
(2510, 11237, '2017-12-01', 1),
(2511, 22560, '2017-07-01', 54),
(2512, 22531, '2017-08-01', 2),
(2513, 18850, '2017-08-01', 1),
(2514, 18852, '2017-10-01', 8),
(2515, 18867, '2017-04-01', 8),
(2516, 22581, '2017-08-01', 19),
(2517, 18845, '2017-03-01', 2),
(2518, 16019, '2017-09-01', 2),
(2519, 15254, '2017-10-01', 1),
(2520, 10434, '2017-06-01', 2),
(2521, 12201, '2017-05-01', 1),
(2522, 15260, '2017-09-01', 1),
(2523, 18858, '2017-06-01', 1),
(2524, 22561, '2017-05-01', 1),
(2525, 22523, '2017-09-01', 34),
(2526, 18860, '2017-06-01', 9),
(2527, 18846, '2017-02-01', 1),
(2528, 22531, '2017-07-01', 1),
(2529, 13981, '2017-11-01', 1),
(2530, 1832, '2017-05-01', 5),
(2531, 15265, '2017-02-01', 10),
(2532, 18860, '2017-04-01', 2),
(2533, 12210, '2017-04-01', 1),
(2534, 7752, '2017-08-01', 1),
(2535, 22523, '2017-12-01', 1),
(2536, 22848, '2017-04-01', 4),
(2537, 12210, '2017-04-01', 7),
(2538, 11237, '2017-11-01', 1),
(2539, 21125, '2017-05-01', 1),
(2540, 12210, '2017-05-01', 5),
(2541, 12210, '2017-05-01', 1),
(2542, 22521, '2017-04-01', 5),
(2543, 10002, '2017-06-01', 1),
(2544, 2267, '2017-03-01', 1),
(2545, 22560, '2017-07-01', 2),
(2546, 22531, '2017-10-01', 2),
(2547, 22597, '2017-07-01', 2),
(2548, 15258, '2017-10-01', 2),
(2549, 11237, '2017-07-01', 1),
(2550, 7763, '2017-12-01', 2),
(2551, 22513, '2017-12-01', 1),
(2552, 22524, '2017-08-01', 2),
(2553, 22516, '2017-10-01', 5),
(2554, 5905, '2017-10-01', 1),
(2555, 7763, '2017-10-01', 3),
(2556, 9886, '2017-05-01', 1),
(2557, 11237, '2017-09-01', 1),
(2558, 9673, '2017-07-01', 4),
(2559, 22616, '2017-06-01', 2),
(2560, 18852, '2017-10-01', 2),
(2561, 10002, '2017-09-01', 1),
(2562, 7766, '2017-12-01', 1),
(2563, 12201, '2017-04-01', 26),
(2564, 18858, '2017-06-01', 1),
(2565, 9652, '2017-04-01', 1),
(2566, 11237, '2017-08-01', 1),
(2567, 15246, '2017-09-01', 1),
(2568, 22848, '2017-06-01', 1),
(2569, 7766, '2017-11-01', 10),
(2570, 22524, '2017-08-01', 5),
(2571, 22516, '2017-09-01', 3),
(2572, 24621, '2017-09-01', 7),
(2573, 22521, '2017-04-01', 1),
(2574, 9371, '2017-07-01', 9),
(2575, 7327, '2017-05-01', 3),
(2576, 18846, '2017-02-01', 1),
(2577, 12210, '2017-05-01', 4),
(2578, 3667, '2017-05-01', 1),
(2579, 12201, '2017-06-01', 21),
(2580, 22616, '2017-06-01', 35),
(2581, 12195, '2017-07-01', 2),
(2582, 21125, '2017-03-01', 2),
(2583, 17919, '2017-07-01', 3),
(2584, 12195, '2017-07-01', 1),
(2585, 18846, '2017-03-01', 1),
(2586, 9371, '2017-07-01', 1),
(2587, 18860, '2017-03-01', 5),
(2588, 7766, '2017-12-01', 1),
(2589, 18848, '2017-05-01', 6),
(2590, 11237, '2017-12-01', 1),
(2591, 22513, '2017-12-01', 23),
(2592, 22521, '2017-03-01', 4),
(2593, 2267, '2017-04-01', 2),
(2594, 12210, '2017-04-01', 1),
(2595, 22514, '2017-03-01', 9),
(2596, 15245, '2017-03-01', 1),
(2597, 7758, '2017-07-01', 4),
(2598, 22531, '2017-09-01', 1),
(2599, 24621, '2017-09-01', 1),
(2600, 22514, '2017-03-01', 3),
(2601, 18845, '2017-04-01', 1),
(2602, 7762, '2017-06-01', 1),
(2603, 7327, '2017-05-01', 6),
(2604, 22521, '2017-04-01', 2),
(2605, 10002, '2017-07-01', 23),
(2606, 22848, '2017-04-01', 1),
(2607, 22560, '2017-07-01', 1),
(2608, 15257, '2017-04-01', 2),
(2609, 22521, '2017-03-01', 25),
(2610, 9652, '2017-03-01', 2),
(2611, 18860, '2017-05-01', 2),
(2612, 1832, '2017-08-01', 6),
(2613, 7766, '2017-12-01', 7),
(2614, 12210, '2017-03-01', 2),
(2615, 22521, '2017-05-01', 2),
(2616, 22616, '2017-07-01', 34),
(2617, 18860, '2017-05-01', 1),
(2618, 22531, '2017-08-01', 1),
(2619, 9671, '2017-12-01', 4),
(2620, 7769, '2017-06-01', 4),
(2621, 11237, '2017-12-01', 1),
(2622, 7762, '2017-06-01', 1),
(2623, 15257, '2017-04-01', 1),
(2624, 22531, '2017-08-01', 2),
(2625, 22531, '2017-07-01', 1),
(2626, 12210, '2017-03-01', 8),
(2627, 9371, '2017-06-01', 1),
(2628, 8095, '2017-12-01', 31),
(2629, 5905, '2017-10-01', 10),
(2630, 22516, '2017-10-01', 23),
(2631, 18860, '2017-06-01', 2),
(2632, 2267, '2017-03-01', 2),
(2633, 11237, '2017-10-01', 1),
(2634, 22531, '2017-10-01', 3),
(2635, 7752, '2017-07-01', 3),
(2636, 18852, '2017-11-01', 28),
(2637, 7766, '2017-11-01', 2),
(2638, 9371, '2017-06-01', 1),
(2639, 15265, '2017-02-01', 25),
(2640, 22616, '2017-07-01', 2),
(2641, 5905, '2017-10-01', 1),
(2642, 22581, '2017-09-01', 12),
(2643, 22523, '2017-12-01', 1),
(2644, 18857, '2017-11-01', 18),
(2645, 9671, '2017-11-01', 3),
(2646, 22516, '2017-10-01', 4),
(2647, 9695, '2017-06-01', 1),
(2648, 22560, '2017-07-01', 1),
(2649, 9886, '2017-04-01', 2),
(2650, 7327, '2017-05-01', 46),
(2651, 9371, '2017-05-01', 1),
(2652, 7766, '2017-12-01', 2),
(2653, 22524, '2017-09-01', 1),
(2654, 22521, '2017-04-01', 1),
(2655, 12202, '2017-06-01', 1),
(2656, 15265, '2017-02-01', 11),
(2657, 22531, '2017-09-01', 3),
(2658, 7766, '2017-11-01', 2),
(2659, 12210, '2017-05-01', 2),
(2660, 11237, '2017-11-01', 1),
(2661, 1832, '2017-08-01', 1),
(2662, 7766, '2017-12-01', 5),
(2663, 22521, '2017-05-01', 39),
(2664, 20231, '2017-06-01', 1),
(2665, 16019, '2017-09-01', 1),
(2666, 22597, '2017-07-01', 1),
(2667, 9671, '2017-11-01', 23),
(2668, 10002, '2017-07-01', 1),
(2669, 9886, '2017-05-01', 4),
(2670, 22523, '2017-12-01', 2),
(2671, 22531, '2017-08-01', 2),
(2672, 9371, '2017-05-01', 1),
(2673, 12201, '2017-06-01', 2),
(2674, 18848, '2017-05-01', 3),
(2675, 18850, '2017-08-01', 1),
(2676, 18852, '2017-10-01', 2),
(2677, 17919, '2017-08-01', 22),
(2678, 15246, '2017-09-01', 1),
(2679, 22616, '2017-07-01', 19),
(2680, 7327, '2017-05-01', 4),
(2681, 1832, '2017-08-01', 24),
(2682, 18849, '2017-04-01', 7),
(2683, 12201, '2017-05-01', 34),
(2684, 13981, '2017-11-01', 2),
(2685, 21125, '2017-04-01', 1),
(2686, 18860, '2017-04-01', 7),
(2687, 20231, '2017-06-01', 1),
(2688, 22616, '2017-07-01', 1),
(2689, 5905, '2017-10-01', 1),
(2690, 10002, '2017-08-01', 1),
(2691, 5898, '2017-11-01', 15),
(2692, 12195, '2017-07-01', 15),
(2693, 22848, '2017-05-01', 11),
(2694, 7752, '2017-07-01', 1),
(2695, 21125, '2017-04-01', 2),
(2696, 22531, '2017-08-01', 11),
(2697, 18867, '2017-04-01', 48),
(2698, 9886, '2017-05-01', 2),
(2699, 12195, '2017-08-01', 3),
(2700, 7327, '2017-05-01', 2),
(2701, 18849, '2017-04-01', 1),
(2702, 3667, '2017-05-01', 3),
(2703, 12195, '2017-07-01', 75),
(2704, 12195, '2017-07-01', 1),
(2705, 18849, '2017-04-01', 1),
(2706, 18860, '2017-05-01', 2),
(2707, 15265, '2017-03-01', 9),
(2708, 22521, '2017-05-01', 2),
(2709, 18852, '2017-10-01', 1),
(2710, 3667, '2017-04-01', 4),
(2711, 3667, '2017-04-01', 4),
(2712, 1832, '2017-07-01', 9),
(2713, 3667, '2017-05-01', 1),
(2714, 15254, '2017-10-01', 4),
(2715, 18858, '2017-07-01', 26),
(2716, 22848, '2017-05-01', 3),
(2717, 18860, '2017-05-01', 6),
(2718, 9652, '2017-04-01', 2),
(2719, 18845, '2017-05-01', 4),
(2720, 9652, '2017-04-01', 1),
(2721, 18845, '2017-06-01', 2),
(2722, 22531, '2017-10-01', 1),
(2723, 9652, '2017-04-01', 1),
(2724, 16019, '2017-09-01', 1);

-- --------------------------------------------------------

--
-- Estrutura da tabela `knex_migrations`
--

CREATE TABLE `knex_migrations` (
  `id` int(10) UNSIGNED NOT NULL,
  `name` varchar(255) DEFAULT NULL,
  `batch` int(11) DEFAULT NULL,
  `migration_time` timestamp NOT NULL DEFAULT CURRENT_TIMESTAMP ON UPDATE CURRENT_TIMESTAMP
) ENGINE=InnoDB DEFAULT CHARSET=utf8;

--
-- Extraindo dados da tabela `knex_migrations`
--

INSERT INTO `knex_migrations` (`id`, `name`, `batch`, `migration_time`) VALUES
(1, '20181115133530_deputies.js', 1, '2018-11-24 02:31:19'),
(2, '20181115140409_funds.js', 1, '2018-11-24 02:31:21'),
(3, '20181115144957_social.js', 1, '2018-11-24 02:31:22');

-- --------------------------------------------------------

--
-- Estrutura da tabela `knex_migrations_lock`
--

CREATE TABLE `knex_migrations_lock` (
  `index` int(10) UNSIGNED NOT NULL,
  `is_locked` int(11) DEFAULT NULL
) ENGINE=InnoDB DEFAULT CHARSET=utf8;

--
-- Extraindo dados da tabela `knex_migrations_lock`
--

INSERT INTO `knex_migrations_lock` (`index`, `is_locked`) VALUES
(1, 0);

-- --------------------------------------------------------

--
-- Estrutura da tabela `social`
--

CREATE TABLE `social` (
  `id_social` int(10) UNSIGNED NOT NULL,
  `id` int(11) DEFAULT NULL,
  `nome` varchar(255) DEFAULT NULL
) ENGINE=InnoDB DEFAULT CHARSET=utf8;

--
-- Extraindo dados da tabela `social`
--

INSERT INTO `social` (`id_social`, `id`, `nome`) VALUES
(1, 0, 'Facebook'),
(2, 19, 'Instagram'),
(3, 1, 'Twitter'),
(4, 0, 'Facebook'),
(5, 19, 'Instagram'),
(6, 1, 'Twitter'),
(7, 0, 'Facebook'),
(8, 18, 'SoundCloud'),
(9, 1, 'Twitter'),
(10, 3, 'Youtube'),
(11, 0, 'Facebook'),
(12, 19, 'Instagram'),
(13, 0, 'Facebook'),
(14, 19, 'Instagram'),
(15, 1, 'Twitter'),
(16, 0, 'Facebook'),
(17, 19, 'Instagram'),
(18, 0, 'Facebook'),
(19, 0, 'Facebook'),
(20, 19, 'Instagram'),
(21, 0, 'Facebook'),
(22, 0, 'Facebook'),
(23, 19, 'Instagram'),
(24, 3, 'Youtube'),
(25, 0, 'Facebook'),
(26, 1, 'Twitter'),
(27, 0, 'Facebook'),
(28, 19, 'Instagram'),
(29, 0, 'Facebook'),
(30, 19, 'Instagram'),
(31, 1, 'Twitter'),
(32, 3, 'Youtube'),
(33, 14, 'Blogs'),
(34, 0, 'Facebook'),
(35, 19, 'Instagram'),
(36, 20, 'Issuu'),
(37, 1, 'Twitter'),
(38, 0, 'Facebook'),
(39, 0, 'Facebook'),
(40, 1, 'Twitter'),
(41, 0, 'Facebook'),
(42, 3, 'Youtube'),
(43, 0, 'Facebook'),
(44, 19, 'Instagram'),
(45, 1, 'Twitter'),
(46, 0, 'Facebook'),
(47, 0, 'Facebook'),
(48, 19, 'Instagram'),
(49, 1, 'Twitter'),
(50, 0, 'Facebook'),
(51, 19, 'Instagram'),
(52, 1, 'Twitter'),
(53, 3, 'Youtube'),
(54, 0, 'Facebook'),
(55, 19, 'Instagram'),
(56, 0, 'Facebook'),
(57, 3, 'Youtube'),
(58, 0, 'Facebook'),
(59, 19, 'Instagram'),
(60, 0, 'Facebook'),
(61, 0, 'Facebook'),
(62, 5, 'Flickr'),
(63, 19, 'Instagram'),
(64, 1, 'Twitter'),
(65, 3, 'Youtube'),
(66, 0, 'Facebook'),
(67, 19, 'Instagram'),
(68, 1, 'Twitter'),
(69, 3, 'Youtube'),
(70, 0, 'Facebook'),
(71, 1, 'Twitter'),
(72, 3, 'Youtube'),
(73, 0, 'Facebook'),
(74, 0, 'Facebook'),
(75, 5, 'Flickr'),
(76, 19, 'Instagram'),
(77, 3, 'Youtube'),
(78, 0, 'Facebook'),
(79, 19, 'Instagram'),
(80, 1, 'Twitter'),
(81, 3, 'Youtube'),
(82, 0, 'Facebook'),
(83, 19, 'Instagram'),
(84, 3, 'Youtube'),
(85, 0, 'Facebook'),
(86, 3, 'Youtube'),
(87, 0, 'Facebook'),
(88, 19, 'Instagram'),
(89, 1, 'Twitter'),
(90, 3, 'Youtube'),
(91, 0, 'Facebook'),
(92, 19, 'Instagram'),
(93, 1, 'Twitter'),
(94, 3, 'Youtube'),
(95, 0, 'Facebook'),
(96, 5, 'Flickr'),
(97, 19, 'Instagram'),
(98, 0, 'Facebook'),
(99, 19, 'Instagram'),
(100, 3, 'Youtube'),
(101, 14, 'Blogs'),
(102, 1, 'Twitter'),
(103, 0, 'Facebook'),
(104, 19, 'Instagram'),
(105, 1, 'Twitter'),
(106, 3, 'Youtube'),
(107, 0, 'Facebook'),
(108, 19, 'Instagram'),
(109, 1, 'Twitter'),
(110, 0, 'Facebook'),
(111, 19, 'Instagram'),
(112, 1, 'Twitter'),
(113, 0, 'Facebook'),
(114, 19, 'Instagram'),
(115, 1, 'Twitter'),
(116, 0, 'Facebook'),
(117, 19, 'Instagram'),
(118, 0, 'Facebook'),
(119, 0, 'Facebook'),
(120, 1, 'Twitter'),
(121, 3, 'Youtube'),
(122, 0, 'Facebook'),
(123, 19, 'Instagram'),
(124, 3, 'Youtube'),
(125, 0, 'Facebook'),
(126, 19, 'Instagram'),
(127, 1, 'Twitter'),
(128, 0, 'Facebook'),
(129, 19, 'Instagram'),
(130, 1, 'Twitter'),
(131, 0, 'Facebook'),
(132, 0, 'Facebook'),
(133, 5, 'Flickr'),
(134, 19, 'Instagram'),
(135, 1, 'Twitter'),
(136, 0, 'Facebook'),
(137, 5, 'Flickr'),
(138, 1, 'Twitter'),
(139, 3, 'Youtube'),
(140, 0, 'Facebook'),
(141, 19, 'Instagram'),
(142, 0, 'Facebook'),
(143, 1, 'Twitter'),
(144, 0, 'Facebook'),
(145, 19, 'Instagram'),
(146, 3, 'Youtube'),
(147, 0, 'Facebook'),
(148, 19, 'Instagram'),
(149, 1, 'Twitter'),
(150, 0, 'Facebook'),
(151, 0, 'Facebook'),
(152, 19, 'Instagram'),
(153, 1, 'Twitter'),
(154, 3, 'Youtube'),
(155, 0, 'Facebook'),
(156, 19, 'Instagram'),
(157, 0, 'Facebook'),
(158, 19, 'Instagram'),
(159, 1, 'Twitter'),
(160, 3, 'Youtube'),
(161, 0, 'Facebook'),
(162, 1, 'Twitter'),
(163, 3, 'Youtube'),
(164, 0, 'Facebook'),
(165, 19, 'Instagram'),
(166, 1, 'Twitter'),
(167, 0, 'Facebook'),
(168, 19, 'Instagram'),
(169, 1, 'Twitter'),
(170, 0, 'Facebook'),
(171, 19, 'Instagram'),
(172, 3, 'Youtube'),
(173, 0, 'Facebook'),
(174, 17, 'Google+'),
(175, 19, 'Instagram'),
(176, 1, 'Twitter'),
(177, 3, 'Youtube'),
(178, 0, 'Facebook'),
(179, 19, 'Instagram'),
(180, 6, 'LinkedIn'),
(181, 3, 'Youtube'),
(182, 0, 'Facebook'),
(183, 19, 'Instagram'),
(184, 1, 'Twitter'),
(185, 3, 'Youtube'),
(186, 0, 'Facebook'),
(187, 19, 'Instagram'),
(188, 1, 'Twitter'),
(189, 3, 'Youtube'),
(190, 0, 'Facebook'),
(191, 19, 'Instagram'),
(192, 1, 'Twitter'),
(193, 0, 'Facebook'),
(194, 19, 'Instagram'),
(195, 0, 'Facebook'),
(196, 19, 'Instagram'),
(197, 18, 'SoundCloud'),
(198, 1, 'Twitter'),
(199, 3, 'Youtube'),
(200, 0, 'Facebook'),
(201, 0, 'Facebook'),
(202, 5, 'Flickr'),
(203, 19, 'Instagram'),
(204, 18, 'SoundCloud'),
(205, 1, 'Twitter'),
(206, 3, 'Youtube'),
(207, 0, 'Facebook'),
(208, 19, 'Instagram'),
(209, 1, 'Twitter');

--
-- Indexes for dumped tables
--

--
-- Indexes for table `deputies`
--
ALTER TABLE `deputies`
  ADD PRIMARY KEY (`id`);

--
-- Indexes for table `funds`
--
ALTER TABLE `funds`
  ADD PRIMARY KEY (`id_funds`),
  ADD KEY `funds_iddeputado_index` (`idDeputado`);

--
-- Indexes for table `knex_migrations`
--
ALTER TABLE `knex_migrations`
  ADD PRIMARY KEY (`id`);

--
-- Indexes for table `knex_migrations_lock`
--
ALTER TABLE `knex_migrations_lock`
  ADD PRIMARY KEY (`index`);

--
-- Indexes for table `social`
--
ALTER TABLE `social`
  ADD PRIMARY KEY (`id_social`);

--
-- AUTO_INCREMENT for dumped tables
--

--
-- AUTO_INCREMENT for table `funds`
--
ALTER TABLE `funds`
  MODIFY `id_funds` int(10) UNSIGNED NOT NULL AUTO_INCREMENT, AUTO_INCREMENT=2725;

--
-- AUTO_INCREMENT for table `knex_migrations`
--
ALTER TABLE `knex_migrations`
  MODIFY `id` int(10) UNSIGNED NOT NULL AUTO_INCREMENT, AUTO_INCREMENT=4;

--
-- AUTO_INCREMENT for table `knex_migrations_lock`
--
ALTER TABLE `knex_migrations_lock`
  MODIFY `index` int(10) UNSIGNED NOT NULL AUTO_INCREMENT, AUTO_INCREMENT=2;

--
-- AUTO_INCREMENT for table `social`
--
ALTER TABLE `social`
  MODIFY `id_social` int(10) UNSIGNED NOT NULL AUTO_INCREMENT, AUTO_INCREMENT=210;

--
-- Constraints for dumped tables
--

--
-- Limitadores para a tabela `funds`
--
ALTER TABLE `funds`
  ADD CONSTRAINT `funds_iddeputado_foreign` FOREIGN KEY (`idDeputado`) REFERENCES `deputies` (`id`);
COMMIT;

/*!40101 SET CHARACTER_SET_CLIENT=@OLD_CHARACTER_SET_CLIENT */;
/*!40101 SET CHARACTER_SET_RESULTS=@OLD_CHARACTER_SET_RESULTS */;
/*!40101 SET COLLATION_CONNECTION=@OLD_COLLATION_CONNECTION */;
